"filename", "language", "JavaScript JSX", "XML", "JavaScript", "PostCSS", "JSON", "Less", "Properties", "Markdown", "HTML", "JSON with Comments", "comment", "blank", "total"
"/Users/munkh-erdeneotgonbayar/Projects/OT/ot-tas/.env", "Properties", 0, 0, 0, 0, 0, 0, 34, 0, 0, 0, 5, 10, 49
"/Users/munkh-erdeneotgonbayar/Projects/OT/ot-tas/README.md", "Markdown", 0, 0, 0, 0, 0, 0, 0, 38, 0, 0, 0, 33, 71
"/Users/munkh-erdeneotgonbayar/Projects/OT/ot-tas/jsconfig.json", "JSON with Comments", 0, 0, 0, 0, 0, 0, 0, 0, 0, 6, 0, 1, 7
"/Users/munkh-erdeneotgonbayar/Projects/OT/ot-tas/package-lock.json", "JSON", 0, 0, 0, 0, 21358, 0, 0, 0, 0, 0, 0, 1, 21359
"/Users/munkh-erdeneotgonbayar/Projects/OT/ot-tas/package.json", "JSON", 0, 0, 0, 0, 70, 0, 0, 0, 0, 0, 0, 1, 71
"/Users/munkh-erdeneotgonbayar/Projects/OT/ot-tas/public/index.html", "HTML", 0, 0, 0, 0, 0, 0, 0, 0, 15, 0, 1, 1, 17
"/Users/munkh-erdeneotgonbayar/Projects/OT/ot-tas/public/manifest.json", "JSON", 0, 0, 0, 0, 25, 0, 0, 0, 0, 0, 0, 1, 26
"/Users/munkh-erdeneotgonbayar/Projects/OT/ot-tas/src/App.js", "JavaScript", 0, 0, 53, 0, 0, 0, 0, 0, 0, 0, 0, 3, 56
"/Users/munkh-erdeneotgonbayar/Projects/OT/ot-tas/src/App.test.js", "JavaScript", 0, 0, 7, 0, 0, 0, 0, 0, 0, 0, 0, 2, 9
"/Users/munkh-erdeneotgonbayar/Projects/OT/ot-tas/src/assets/icons/Vector.svg", "XML", 0, 3, 0, 0, 0, 0, 0, 0, 0, 0, 0, 1, 4
"/Users/munkh-erdeneotgonbayar/Projects/OT/ot-tas/src/assets/icons/accommodation.svg", "XML", 0, 27, 0, 0, 0, 0, 0, 0, 0, 0, 0, 2, 29
"/Users/munkh-erdeneotgonbayar/Projects/OT/ot-tas/src/assets/icons/airplane.svg", "XML", 0, 37, 0, 0, 0, 0, 0, 0, 0, 0, 0, 2, 39
"/Users/munkh-erdeneotgonbayar/Projects/OT/ot-tas/src/assets/icons/icon (1).svg", "XML", 0, 3, 0, 0, 0, 0, 0, 0, 0, 0, 0, 1, 4
"/Users/munkh-erdeneotgonbayar/Projects/OT/ot-tas/src/assets/icons/icon.svg", "XML", 0, 3, 0, 0, 0, 0, 0, 0, 0, 0, 0, 1, 4
"/Users/munkh-erdeneotgonbayar/Projects/OT/ot-tas/src/assets/transport_group_dashboard_data.json", "JSON", 0, 0, 0, 0, 1934, 0, 0, 0, 0, 0, 0, 0, 1934
"/Users/munkh-erdeneotgonbayar/Projects/OT/ot-tas/src/components/AccommodationPeopleSearch/index.jsx", "JavaScript JSX", 240, 0, 0, 0, 0, 0, 0, 0, 0, 0, 11, 7, 258
"/Users/munkh-erdeneotgonbayar/Projects/OT/ot-tas/src/components/Accordion/index.jsx", "JavaScript JSX", 27, 0, 0, 0, 0, 0, 0, 0, 0, 0, 0, 3, 30
"/Users/munkh-erdeneotgonbayar/Projects/OT/ot-tas/src/components/ActionForm/index.jsx", "JavaScript JSX", 29, 0, 0, 0, 0, 0, 0, 0, 0, 0, 1, 3, 33
"/Users/munkh-erdeneotgonbayar/Projects/OT/ot-tas/src/components/AuditTable/index.jsx", "JavaScript JSX", 179, 0, 0, 0, 0, 0, 0, 0, 0, 0, 2, 16, 197
"/Users/munkh-erdeneotgonbayar/Projects/OT/ot-tas/src/components/AvailableDatePicker/index.jsx", "JavaScript JSX", 28, 0, 0, 0, 0, 0, 0, 0, 0, 0, 0, 5, 33
"/Users/munkh-erdeneotgonbayar/Projects/OT/ot-tas/src/components/AvailableTimeTooltip/index.jsx", "JavaScript JSX", 40, 0, 0, 0, 0, 0, 0, 0, 0, 0, 0, 8, 48
"/Users/munkh-erdeneotgonbayar/Projects/OT/ot-tas/src/components/Breadcrumb/index.jsx", "JavaScript JSX", 25, 0, 0, 0, 0, 0, 0, 0, 0, 0, 3, 3, 31
"/Users/munkh-erdeneotgonbayar/Projects/OT/ot-tas/src/components/Breadcrumb/index.module.css", "PostCSS", 0, 0, 0, 11, 0, 0, 0, 0, 0, 0, 0, 0, 11
"/Users/munkh-erdeneotgonbayar/Projects/OT/ot-tas/src/components/Button/index.jsx", "JavaScript JSX", 143, 0, 0, 0, 0, 0, 0, 0, 0, 0, 13, 4, 160
"/Users/munkh-erdeneotgonbayar/Projects/OT/ot-tas/src/components/ButtonDrive/index.jsx", "JavaScript JSX", 58, 0, 0, 0, 0, 0, 0, 0, 0, 0, 0, 6, 64
"/Users/munkh-erdeneotgonbayar/Projects/OT/ot-tas/src/components/ByPersonExtended/index.jsx", "JavaScript JSX", 212, 0, 0, 0, 0, 0, 0, 0, 0, 0, 2, 15, 229
"/Users/munkh-erdeneotgonbayar/Projects/OT/ot-tas/src/components/Calendar/index.jsx", "JavaScript JSX", 110, 0, 0, 0, 0, 0, 0, 0, 0, 0, 0, 12, 122
"/Users/munkh-erdeneotgonbayar/Projects/OT/ot-tas/src/components/CalendarTable/index.jsx", "JavaScript JSX", 177, 0, 0, 0, 0, 0, 0, 0, 0, 0, 0, 6, 183
"/Users/munkh-erdeneotgonbayar/Projects/OT/ot-tas/src/components/Collapse/index.jsx", "JavaScript JSX", 36, 0, 0, 0, 0, 0, 0, 0, 0, 0, 0, 9, 45
"/Users/munkh-erdeneotgonbayar/Projects/OT/ot-tas/src/components/ColumnChooser/index.jsx", "JavaScript JSX", 59, 0, 0, 0, 0, 0, 0, 0, 0, 0, 3, 4, 66
"/Users/munkh-erdeneotgonbayar/Projects/OT/ot-tas/src/components/ColumnFilter/index.jsx", "JavaScript JSX", 166, 0, 0, 0, 0, 0, 0, 0, 0, 0, 0, 9, 175
"/Users/munkh-erdeneotgonbayar/Projects/OT/ot-tas/src/components/CustomCheck/index.jsx", "JavaScript JSX", 34, 0, 0, 0, 0, 0, 0, 0, 0, 0, 8, 5, 47
"/Users/munkh-erdeneotgonbayar/Projects/OT/ot-tas/src/components/CustomMultiCalendar/index.jsx", "JavaScript JSX", 206, 0, 0, 0, 0, 0, 0, 0, 0, 0, 3, 16, 225
"/Users/munkh-erdeneotgonbayar/Projects/OT/ot-tas/src/components/CustomMultiCalendar/test.jsx", "JavaScript JSX", 204, 0, 0, 0, 0, 0, 0, 0, 0, 0, 3, 14, 221
"/Users/munkh-erdeneotgonbayar/Projects/OT/ot-tas/src/components/CustomSegmented/index.jsx", "JavaScript JSX", 59, 0, 0, 0, 0, 0, 0, 0, 0, 0, 0, 4, 63
"/Users/munkh-erdeneotgonbayar/Projects/OT/ot-tas/src/components/CustomTable/MemoTable.jsx", "JavaScript JSX", 98, 0, 0, 0, 0, 0, 0, 0, 0, 0, 0, 3, 101
"/Users/munkh-erdeneotgonbayar/Projects/OT/ot-tas/src/components/CustomTable/index.jsx", "JavaScript JSX", 179, 0, 0, 0, 0, 0, 0, 0, 0, 0, 0, 9, 188
"/Users/munkh-erdeneotgonbayar/Projects/OT/ot-tas/src/components/DatePicker/index.jsx", "JavaScript JSX", 8, 0, 0, 0, 0, 0, 0, 0, 0, 0, 0, 2, 10
"/Users/munkh-erdeneotgonbayar/Projects/OT/ot-tas/src/components/DepartmentList/index.jsx", "JavaScript JSX", 87, 0, 0, 0, 0, 0, 0, 0, 0, 0, 1, 7, 95
"/Users/munkh-erdeneotgonbayar/Projects/OT/ot-tas/src/components/DepartmentTooltip/index.jsx", "JavaScript JSX", 54, 0, 0, 0, 0, 0, 0, 0, 0, 0, 0, 6, 60
"/Users/munkh-erdeneotgonbayar/Projects/OT/ot-tas/src/components/DocumentTimeline/index.jsx", "JavaScript JSX", 91, 0, 0, 0, 0, 0, 0, 0, 0, 0, 1, 5, 97
"/Users/munkh-erdeneotgonbayar/Projects/OT/ot-tas/src/components/DocumentTransportList/index.jsx", "JavaScript JSX", 35, 0, 0, 0, 0, 0, 0, 0, 0, 0, 0, 3, 38
"/Users/munkh-erdeneotgonbayar/Projects/OT/ot-tas/src/components/DuplicatedDocument/index.jsx", "JavaScript JSX", 89, 0, 0, 0, 0, 0, 0, 0, 0, 0, 1, 6, 96
"/Users/munkh-erdeneotgonbayar/Projects/OT/ot-tas/src/components/ErrorTabElement/index.jsx", "JavaScript JSX", 7, 0, 0, 0, 0, 0, 0, 0, 0, 0, 0, 2, 9
"/Users/munkh-erdeneotgonbayar/Projects/OT/ot-tas/src/components/ExpandRowRoomDetail/index.jsx", "JavaScript JSX", 205, 0, 0, 0, 0, 0, 0, 0, 0, 0, 22, 10, 237
"/Users/munkh-erdeneotgonbayar/Projects/OT/ot-tas/src/components/ExternalReSchedule/index.jsx", "JavaScript JSX", 198, 0, 0, 0, 0, 0, 0, 0, 0, 0, 1, 13, 212
"/Users/munkh-erdeneotgonbayar/Projects/OT/ot-tas/src/components/ExternalTransport/index.jsx", "JavaScript JSX", 247, 0, 0, 0, 0, 0, 0, 0, 0, 0, 0, 12, 259
"/Users/munkh-erdeneotgonbayar/Projects/OT/ot-tas/src/components/FileUploader/index.jsx", "JavaScript JSX", 27, 0, 0, 0, 0, 0, 0, 0, 0, 0, 0, 5, 32
"/Users/munkh-erdeneotgonbayar/Projects/OT/ot-tas/src/components/FlightList/index.jsx", "JavaScript JSX", 153, 0, 0, 0, 0, 0, 0, 0, 0, 0, 0, 8, 161
"/Users/munkh-erdeneotgonbayar/Projects/OT/ot-tas/src/components/Form/index.jsx", "JavaScript JSX", 777, 0, 0, 0, 0, 0, 0, 0, 0, 0, 23, 23, 823
"/Users/munkh-erdeneotgonbayar/Projects/OT/ot-tas/src/components/FormItemRender/index.jsx", "JavaScript JSX", 407, 0, 0, 0, 0, 0, 0, 0, 0, 0, 14, 21, 442
"/Users/munkh-erdeneotgonbayar/Projects/OT/ot-tas/src/components/GlobalLoadingIndicator/index.jsx", "JavaScript JSX", 15, 0, 0, 0, 0, 0, 0, 0, 0, 0, 2, 3, 20
"/Users/munkh-erdeneotgonbayar/Projects/OT/ot-tas/src/components/GroupLog/index.jsx", "JavaScript JSX", 87, 0, 0, 0, 0, 0, 0, 0, 0, 0, 1, 9, 97
"/Users/munkh-erdeneotgonbayar/Projects/OT/ot-tas/src/components/HTMLEditor/index.jsx", "JavaScript JSX", 90, 0, 0, 0, 0, 0, 0, 0, 0, 0, 1, 5, 96
"/Users/munkh-erdeneotgonbayar/Projects/OT/ot-tas/src/components/HasAdditionOptionSelect/index.jsx", "JavaScript JSX", 41, 0, 0, 0, 0, 0, 0, 0, 0, 0, 0, 4, 45
"/Users/munkh-erdeneotgonbayar/Projects/OT/ot-tas/src/components/ItineraryOptionCard/index.jsx", "JavaScript JSX", 67, 0, 0, 0, 0, 0, 0, 0, 0, 0, 0, 2, 69
"/Users/munkh-erdeneotgonbayar/Projects/OT/ot-tas/src/components/Loading/index.jsx", "JavaScript JSX", 7, 0, 0, 0, 0, 0, 0, 0, 0, 0, 0, 2, 9
"/Users/munkh-erdeneotgonbayar/Projects/OT/ot-tas/src/components/LoadingOt/index.jsx", "JavaScript JSX", 14, 0, 0, 0, 0, 0, 0, 0, 0, 0, 0, 2, 16
"/Users/munkh-erdeneotgonbayar/Projects/OT/ot-tas/src/components/LocalError/index.jsx", "JavaScript JSX", 43, 0, 0, 0, 0, 0, 0, 0, 0, 0, 0, 2, 45
"/Users/munkh-erdeneotgonbayar/Projects/OT/ot-tas/src/components/MHighchart/index.jsx", "JavaScript JSX", 26, 0, 0, 0, 0, 0, 0, 0, 0, 0, 0, 3, 29
"/Users/munkh-erdeneotgonbayar/Projects/OT/ot-tas/src/components/Map/index.jsx", "JavaScript JSX", 87, 0, 0, 0, 0, 0, 0, 0, 0, 0, 0, 12, 99
"/Users/munkh-erdeneotgonbayar/Projects/OT/ot-tas/src/components/MemoTable/index.jsx", "JavaScript JSX", 28, 0, 0, 0, 0, 0, 0, 0, 0, 0, 0, 2, 30
"/Users/munkh-erdeneotgonbayar/Projects/OT/ot-tas/src/components/Modal/index.jsx", "JavaScript JSX", 71, 0, 0, 0, 0, 0, 0, 0, 0, 0, 1, 4, 76
"/Users/munkh-erdeneotgonbayar/Projects/OT/ot-tas/src/components/Pagination/index.jsx", "JavaScript JSX", 148, 0, 0, 0, 0, 0, 0, 0, 0, 0, 0, 8, 156
"/Users/munkh-erdeneotgonbayar/Projects/OT/ot-tas/src/components/PeolpeSelectionTable/index.jsx", "JavaScript JSX", 141, 0, 0, 0, 0, 0, 0, 0, 0, 0, 1, 9, 151
"/Users/munkh-erdeneotgonbayar/Projects/OT/ot-tas/src/components/PeopleProfile/index.jsx", "JavaScript JSX", 217, 0, 0, 0, 0, 0, 0, 0, 0, 0, 1, 13, 231
"/Users/munkh-erdeneotgonbayar/Projects/OT/ot-tas/src/components/PeopleSearch/index.jsx", "JavaScript JSX", 238, 0, 0, 0, 0, 0, 0, 0, 0, 0, 0, 7, 245
"/Users/munkh-erdeneotgonbayar/Projects/OT/ot-tas/src/components/PreviewOption/index.jsx", "JavaScript JSX", 7, 0, 0, 0, 0, 0, 0, 0, 0, 0, 0, 2, 9
"/Users/munkh-erdeneotgonbayar/Projects/OT/ot-tas/src/components/ProfileCalendar/index.jsx", "JavaScript JSX", 22, 0, 0, 0, 0, 0, 0, 0, 0, 0, 0, 3, 25
"/Users/munkh-erdeneotgonbayar/Projects/OT/ot-tas/src/components/ProfileInfoHeader/index.jsx", "JavaScript JSX", 167, 0, 0, 0, 0, 0, 0, 0, 0, 0, 0, 2, 169
"/Users/munkh-erdeneotgonbayar/Projects/OT/ot-tas/src/components/Progress/index.jsx", "JavaScript JSX", 21, 0, 0, 0, 0, 0, 0, 0, 0, 0, 0, 1, 22
"/Users/munkh-erdeneotgonbayar/Projects/OT/ot-tas/src/components/ProtectedSuspense/index.jsx", "JavaScript JSX", 13, 0, 0, 0, 0, 0, 0, 0, 0, 0, 0, 2, 15
"/Users/munkh-erdeneotgonbayar/Projects/OT/ot-tas/src/components/RemovedTransportField/index.jsx", "JavaScript JSX", 126, 0, 0, 0, 0, 0, 0, 0, 0, 0, 1, 8, 135
"/Users/munkh-erdeneotgonbayar/Projects/OT/ot-tas/src/components/ReportFields/index.jsx", "JavaScript JSX", 326, 0, 0, 0, 0, 0, 0, 0, 0, 0, 40, 5, 371
"/Users/munkh-erdeneotgonbayar/Projects/OT/ot-tas/src/components/RequestDocumentHeader/index.jsx", "JavaScript JSX", 277, 0, 0, 0, 0, 0, 0, 0, 0, 0, 14, 14, 305
"/Users/munkh-erdeneotgonbayar/Projects/OT/ot-tas/src/components/RoomFindAvailable/SearchRoomResultDetail.jsx", "JavaScript JSX", 284, 0, 0, 0, 0, 0, 0, 0, 0, 0, 14, 12, 310
"/Users/munkh-erdeneotgonbayar/Projects/OT/ot-tas/src/components/RoomFindAvailable/index.jsx", "JavaScript JSX", 136, 0, 0, 0, 0, 0, 0, 0, 0, 0, 11, 8, 155
"/Users/munkh-erdeneotgonbayar/Projects/OT/ot-tas/src/components/RoomSearch/index.jsx", "JavaScript JSX", 158, 0, 0, 0, 0, 0, 0, 0, 0, 0, 8, 9, 175
"/Users/munkh-erdeneotgonbayar/Projects/OT/ot-tas/src/components/RoomSelection/index.jsx", "JavaScript JSX", 133, 0, 0, 0, 0, 0, 0, 0, 0, 0, 17, 13, 163
"/Users/munkh-erdeneotgonbayar/Projects/OT/ot-tas/src/components/SearchPeopleForm/index.jsx", "JavaScript JSX", 294, 0, 0, 0, 0, 0, 0, 0, 0, 0, 2, 8, 304
"/Users/munkh-erdeneotgonbayar/Projects/OT/ot-tas/src/components/SearchSelection/index.jsx", "JavaScript JSX", 36, 0, 0, 0, 0, 0, 0, 0, 0, 0, 0, 4, 40
"/Users/munkh-erdeneotgonbayar/Projects/OT/ot-tas/src/components/SeatTooltip/index.jsx", "JavaScript JSX", 46, 0, 0, 0, 0, 0, 0, 0, 0, 0, 3, 4, 53
"/Users/munkh-erdeneotgonbayar/Projects/OT/ot-tas/src/components/Select/index.jsx", "JavaScript JSX", 64, 0, 0, 0, 0, 0, 0, 0, 0, 0, 1, 8, 73
"/Users/munkh-erdeneotgonbayar/Projects/OT/ot-tas/src/components/SelectTRFieldForRemoved/index.jsx", "JavaScript JSX", 119, 0, 0, 0, 0, 0, 0, 0, 0, 0, 4, 8, 131
"/Users/munkh-erdeneotgonbayar/Projects/OT/ot-tas/src/components/ShiftCalendar/index.jsx", "JavaScript JSX", 101, 0, 0, 0, 0, 0, 0, 0, 0, 0, 7, 10, 118
"/Users/munkh-erdeneotgonbayar/Projects/OT/ot-tas/src/components/SiteContactField/index.jsx", "JavaScript JSX", 91, 0, 0, 0, 0, 0, 0, 0, 0, 0, 0, 6, 97
"/Users/munkh-erdeneotgonbayar/Projects/OT/ot-tas/src/components/Skeleton/index.jsx", "JavaScript JSX", 16, 0, 0, 0, 0, 0, 0, 0, 0, 0, 0, 3, 19
"/Users/munkh-erdeneotgonbayar/Projects/OT/ot-tas/src/components/Suspense/index.jsx", "JavaScript JSX", 11, 0, 0, 0, 0, 0, 0, 0, 0, 0, 0, 1, 12
"/Users/munkh-erdeneotgonbayar/Projects/OT/ot-tas/src/components/Table/index.jsx", "JavaScript JSX", 246, 0, 0, 0, 0, 0, 0, 0, 0, 0, 9, 9, 264
"/Users/munkh-erdeneotgonbayar/Projects/OT/ot-tas/src/components/Timer/index.jsx", "JavaScript JSX", 44, 0, 0, 0, 0, 0, 0, 0, 0, 0, 0, 6, 50
"/Users/munkh-erdeneotgonbayar/Projects/OT/ot-tas/src/components/Tooltip/index.jsx", "JavaScript JSX", 14, 0, 0, 0, 0, 0, 0, 0, 0, 0, 0, 2, 16
"/Users/munkh-erdeneotgonbayar/Projects/OT/ot-tas/src/components/TransportSearch/index.jsx", "JavaScript JSX", 357, 0, 0, 0, 0, 0, 0, 0, 0, 0, 15, 17, 389
"/Users/munkh-erdeneotgonbayar/Projects/OT/ot-tas/src/components/TreeTable/index.jsx", "JavaScript JSX", 118, 0, 0, 0, 0, 0, 0, 0, 0, 0, 0, 12, 130
"/Users/munkh-erdeneotgonbayar/Projects/OT/ot-tas/src/components/VerticalCalendar/index.jsx", "JavaScript JSX", 229, 0, 0, 0, 0, 0, 0, 0, 0, 0, 0, 18, 247
"/Users/munkh-erdeneotgonbayar/Projects/OT/ot-tas/src/components/index.js", "JavaScript", 0, 0, 72, 0, 0, 0, 0, 0, 0, 0, 0, 0, 72
"/Users/munkh-erdeneotgonbayar/Projects/OT/ot-tas/src/constants/EmployeeFields.js", "JavaScript", 0, 0, 86, 0, 0, 0, 0, 0, 0, 0, 1, 1, 88
"/Users/munkh-erdeneotgonbayar/Projects/OT/ot-tas/src/constants/colors.js", "JavaScript", 0, 0, 30, 0, 0, 0, 0, 0, 0, 0, 0, 3, 33
"/Users/munkh-erdeneotgonbayar/Projects/OT/ot-tas/src/contexts/actions.js", "JavaScript", 0, 0, 97, 0, 0, 0, 0, 0, 0, 0, 0, 3, 100
"/Users/munkh-erdeneotgonbayar/Projects/OT/ot-tas/src/contexts/index.jsx", "JavaScript JSX", 69, 0, 0, 0, 0, 0, 0, 0, 0, 0, 7, 9, 85
"/Users/munkh-erdeneotgonbayar/Projects/OT/ot-tas/src/contexts/reducer.js", "JavaScript", 0, 0, 145, 0, 0, 0, 0, 0, 0, 0, 0, 2, 147
"/Users/munkh-erdeneotgonbayar/Projects/OT/ot-tas/src/hooks/useShortcut.jsx", "JavaScript JSX", 16, 0, 0, 0, 0, 0, 0, 0, 0, 0, 0, 4, 20
"/Users/munkh-erdeneotgonbayar/Projects/OT/ot-tas/src/index.js", "JavaScript", 0, 0, 11, 0, 0, 0, 0, 0, 0, 0, 7, 3, 21
"/Users/munkh-erdeneotgonbayar/Projects/OT/ot-tas/src/layouts/MainLayout.jsx", "JavaScript JSX", 21, 0, 0, 0, 0, 0, 0, 0, 0, 0, 0, 3, 24
"/Users/munkh-erdeneotgonbayar/Projects/OT/ot-tas/src/layouts/fetchAPIs.js", "JavaScript", 0, 0, 152, 0, 0, 0, 0, 0, 0, 0, 0, 2, 154
"/Users/munkh-erdeneotgonbayar/Projects/OT/ot-tas/src/layouts/header/MultiViewers.jsx", "JavaScript JSX", 37, 0, 0, 0, 0, 0, 0, 0, 0, 0, 1, 3, 41
"/Users/munkh-erdeneotgonbayar/Projects/OT/ot-tas/src/layouts/header/index.jsx", "JavaScript JSX", 173, 0, 0, 0, 0, 0, 0, 0, 0, 0, 66, 24, 263
"/Users/munkh-erdeneotgonbayar/Projects/OT/ot-tas/src/layouts/index.css", "PostCSS", 0, 0, 0, 12, 0, 0, 0, 0, 0, 0, 1, 0, 13
"/Users/munkh-erdeneotgonbayar/Projects/OT/ot-tas/src/layouts/index.jsx", "JavaScript JSX", 446, 0, 0, 0, 0, 0, 0, 0, 0, 0, 9, 31, 486
"/Users/munkh-erdeneotgonbayar/Projects/OT/ot-tas/src/layouts/sidebar/VersionDetail.jsx", "JavaScript JSX", 31, 0, 0, 0, 0, 0, 0, 0, 0, 0, 0, 6, 37
"/Users/munkh-erdeneotgonbayar/Projects/OT/ot-tas/src/layouts/sidebar/index.jsx", "JavaScript JSX", 722, 0, 0, 0, 0, 0, 0, 0, 0, 0, 8, 15, 745
"/Users/munkh-erdeneotgonbayar/Projects/OT/ot-tas/src/logo.svg", "XML", 0, 1, 0, 0, 0, 0, 0, 0, 0, 0, 0, 0, 1
"/Users/munkh-erdeneotgonbayar/Projects/OT/ot-tas/src/modules/guest/CreateDocument/De-Mobilisation/index.jsx", "JavaScript JSX", 255, 0, 0, 0, 0, 0, 0, 0, 0, 0, 0, 14, 269
"/Users/munkh-erdeneotgonbayar/Projects/OT/ot-tas/src/modules/guest/CreateDocument/EmployeeHeader.jsx", "JavaScript JSX", 428, 0, 0, 0, 0, 0, 0, 0, 0, 0, 10, 20, 458
"/Users/munkh-erdeneotgonbayar/Projects/OT/ot-tas/src/modules/guest/CreateDocument/NonSiteTravel/Accommodation.jsx", "JavaScript JSX", 237, 0, 0, 0, 0, 0, 0, 0, 0, 0, 7, 14, 258
"/Users/munkh-erdeneotgonbayar/Projects/OT/ot-tas/src/modules/guest/CreateDocument/NonSiteTravel/Attachments.jsx", "JavaScript JSX", 185, 0, 0, 0, 0, 0, 0, 0, 0, 0, 1, 11, 197
"/Users/munkh-erdeneotgonbayar/Projects/OT/ot-tas/src/modules/guest/CreateDocument/NonSiteTravel/Flight.jsx", "JavaScript JSX", 229, 0, 0, 0, 0, 0, 0, 0, 0, 0, 15, 14, 258
"/Users/munkh-erdeneotgonbayar/Projects/OT/ot-tas/src/modules/guest/CreateDocument/NonSiteTravel/att.jsx", "JavaScript JSX", 174, 0, 0, 0, 0, 0, 0, 0, 0, 0, 1, 14, 189
"/Users/munkh-erdeneotgonbayar/Projects/OT/ot-tas/src/modules/guest/CreateDocument/NonSiteTravel/index.jsx", "JavaScript JSX", 412, 0, 0, 0, 0, 0, 0, 0, 0, 0, 28, 14, 454
"/Users/munkh-erdeneotgonbayar/Projects/OT/ot-tas/src/modules/guest/CreateDocument/SAMProfileChanges/ProfileForm.jsx", "JavaScript JSX", 713, 0, 0, 0, 0, 0, 0, 0, 0, 0, 20, 27, 760
"/Users/munkh-erdeneotgonbayar/Projects/OT/ot-tas/src/modules/guest/CreateDocument/SAMProfileChanges/Temporary.jsx", "JavaScript JSX", 57, 0, 0, 0, 0, 0, 0, 0, 0, 0, 3, 3, 63
"/Users/munkh-erdeneotgonbayar/Projects/OT/ot-tas/src/modules/guest/CreateDocument/SAMProfileChanges/index.jsx", "JavaScript JSX", 263, 0, 0, 0, 0, 0, 0, 0, 0, 0, 17, 24, 304
"/Users/munkh-erdeneotgonbayar/Projects/OT/ot-tas/src/modules/guest/CreateDocument/SiteTravel/Attachments.jsx", "JavaScript JSX", 181, 0, 0, 0, 0, 0, 0, 0, 0, 0, 0, 11, 192
"/Users/munkh-erdeneotgonbayar/Projects/OT/ot-tas/src/modules/guest/CreateDocument/SiteTravel/NewTravel/index.jsx", "JavaScript JSX", 364, 0, 0, 0, 0, 0, 0, 0, 0, 0, 2, 14, 380
"/Users/munkh-erdeneotgonbayar/Projects/OT/ot-tas/src/modules/guest/CreateDocument/SiteTravel/RemoveExistingTravel.jsx", "JavaScript JSX", 234, 0, 0, 0, 0, 0, 0, 0, 0, 0, 0, 17, 251
"/Users/munkh-erdeneotgonbayar/Projects/OT/ot-tas/src/modules/guest/CreateDocument/SiteTravel/RescheduleExistingTravel.jsx", "JavaScript JSX", 341, 0, 0, 0, 0, 0, 0, 0, 0, 0, 5, 22, 368
"/Users/munkh-erdeneotgonbayar/Projects/OT/ot-tas/src/modules/guest/CreateDocument/SiteTravel/index.jsx", "JavaScript JSX", 429, 0, 0, 0, 0, 0, 0, 0, 0, 0, 1, 27, 457
"/Users/munkh-erdeneotgonbayar/Projects/OT/ot-tas/src/modules/guest/CreateDocument/index.js", "JavaScript", 0, 0, 4, 0, 0, 0, 0, 0, 0, 0, 0, 0, 4
"/Users/munkh-erdeneotgonbayar/Projects/OT/ot-tas/src/modules/guest/Documents/De-Mobilisation/index.jsx", "JavaScript JSX", 415, 0, 0, 0, 0, 0, 0, 0, 0, 0, 8, 34, 457
"/Users/munkh-erdeneotgonbayar/Projects/OT/ot-tas/src/modules/guest/Documents/De-Mobilisation/test.jsx", "JavaScript JSX", 49, 0, 0, 0, 0, 0, 0, 0, 0, 0, 2, 11, 62
"/Users/munkh-erdeneotgonbayar/Projects/OT/ot-tas/src/modules/guest/Documents/ExistingBookingModal.jsx", "JavaScript JSX", 149, 0, 0, 0, 0, 0, 0, 0, 0, 0, 0, 7, 156
"/Users/munkh-erdeneotgonbayar/Projects/OT/ot-tas/src/modules/guest/Documents/NonSiteTravelOTLLC/Accommodation.jsx", "JavaScript JSX", 536, 0, 0, 0, 0, 0, 0, 0, 0, 0, 17, 25, 578
"/Users/munkh-erdeneotgonbayar/Projects/OT/ot-tas/src/modules/guest/Documents/NonSiteTravelOTLLC/Attachments.jsx", "JavaScript JSX", 348, 0, 0, 0, 0, 0, 0, 0, 0, 0, 0, 23, 371
"/Users/munkh-erdeneotgonbayar/Projects/OT/ot-tas/src/modules/guest/Documents/NonSiteTravelOTLLC/Flight/Itinerary/AddOptionForm.jsx", "JavaScript JSX", 86, 0, 0, 0, 0, 0, 0, 0, 0, 0, 1, 4, 91
"/Users/munkh-erdeneotgonbayar/Projects/OT/ot-tas/src/modules/guest/Documents/NonSiteTravelOTLLC/Flight/Itinerary/EditOptionForm.jsx", "JavaScript JSX", 65, 0, 0, 0, 0, 0, 0, 0, 0, 0, 0, 5, 70
"/Users/munkh-erdeneotgonbayar/Projects/OT/ot-tas/src/modules/guest/Documents/NonSiteTravelOTLLC/Flight/Itinerary/FinalItinerary.jsx", "JavaScript JSX", 145, 0, 0, 0, 0, 0, 0, 0, 0, 0, 13, 11, 169
"/Users/munkh-erdeneotgonbayar/Projects/OT/ot-tas/src/modules/guest/Documents/NonSiteTravelOTLLC/Flight/Itinerary/ProcessingItinerary.jsx", "JavaScript JSX", 175, 0, 0, 0, 0, 0, 0, 0, 0, 0, 11, 14, 200
"/Users/munkh-erdeneotgonbayar/Projects/OT/ot-tas/src/modules/guest/Documents/NonSiteTravelOTLLC/Flight/Itinerary/UpdateItinerary.jsx", "JavaScript JSX", 91, 0, 0, 0, 0, 0, 0, 0, 0, 0, 12, 10, 113
"/Users/munkh-erdeneotgonbayar/Projects/OT/ot-tas/src/modules/guest/Documents/NonSiteTravelOTLLC/Flight/Itinerary/index.js", "JavaScript", 0, 0, 3, 0, 0, 0, 0, 0, 0, 0, 0, 0, 3
"/Users/munkh-erdeneotgonbayar/Projects/OT/ot-tas/src/modules/guest/Documents/NonSiteTravelOTLLC/Flight/OptionDetail.jsx", "JavaScript JSX", 138, 0, 0, 0, 0, 0, 0, 0, 0, 0, 1, 7, 146
"/Users/munkh-erdeneotgonbayar/Projects/OT/ot-tas/src/modules/guest/Documents/NonSiteTravelOTLLC/Flight/TravelOptions.jsx", "JavaScript JSX", 273, 0, 0, 0, 0, 0, 0, 0, 0, 0, 4, 12, 289
"/Users/munkh-erdeneotgonbayar/Projects/OT/ot-tas/src/modules/guest/Documents/NonSiteTravelOTLLC/Flight/index.jsx", "JavaScript JSX", 357, 0, 0, 0, 0, 0, 0, 0, 0, 0, 1, 23, 381
"/Users/munkh-erdeneotgonbayar/Projects/OT/ot-tas/src/modules/guest/Documents/NonSiteTravelOTLLC/Flight/style.module.css", "PostCSS", 0, 0, 0, 19, 0, 0, 0, 0, 0, 0, 0, 1, 20
"/Users/munkh-erdeneotgonbayar/Projects/OT/ot-tas/src/modules/guest/Documents/NonSiteTravelOTLLC/TravelInfo.jsx", "JavaScript JSX", 116, 0, 0, 0, 0, 0, 0, 0, 0, 0, 1, 9, 126
"/Users/munkh-erdeneotgonbayar/Projects/OT/ot-tas/src/modules/guest/Documents/NonSiteTravelOTLLC/index.jsx", "JavaScript JSX", 637, 0, 0, 0, 0, 0, 0, 0, 0, 0, 20, 43, 700
"/Users/munkh-erdeneotgonbayar/Projects/OT/ot-tas/src/modules/guest/Documents/SAMProfileChanges/ChangesLog.jsx", "JavaScript JSX", 55, 0, 0, 0, 0, 0, 0, 0, 0, 0, 0, 4, 59
"/Users/munkh-erdeneotgonbayar/Projects/OT/ot-tas/src/modules/guest/Documents/SAMProfileChanges/ProfileForm.jsx", "JavaScript JSX", 1060, 0, 0, 0, 0, 0, 0, 0, 0, 0, 51, 33, 1144
"/Users/munkh-erdeneotgonbayar/Projects/OT/ot-tas/src/modules/guest/Documents/SAMProfileChanges/Temporary.jsx", "JavaScript JSX", 76, 0, 0, 0, 0, 0, 0, 0, 0, 0, 3, 6, 85
"/Users/munkh-erdeneotgonbayar/Projects/OT/ot-tas/src/modules/guest/Documents/SAMProfileChanges/index.jsx", "JavaScript JSX", 450, 0, 0, 0, 0, 0, 0, 0, 0, 0, 16, 31, 497
"/Users/munkh-erdeneotgonbayar/Projects/OT/ot-tas/src/modules/guest/Documents/SiteTravelOTLLC/Attachments.jsx", "JavaScript JSX", 267, 0, 0, 0, 0, 0, 0, 0, 0, 0, 0, 22, 289
"/Users/munkh-erdeneotgonbayar/Projects/OT/ot-tas/src/modules/guest/Documents/SiteTravelOTLLC/ChangeRoom.jsx", "JavaScript JSX", 273, 0, 0, 0, 0, 0, 0, 0, 0, 0, 10, 12, 295
"/Users/munkh-erdeneotgonbayar/Projects/OT/ot-tas/src/modules/guest/Documents/SiteTravelOTLLC/NewTravel.jsx", "JavaScript JSX", 499, 0, 0, 0, 0, 0, 0, 0, 0, 0, 2, 20, 521
"/Users/munkh-erdeneotgonbayar/Projects/OT/ot-tas/src/modules/guest/Documents/SiteTravelOTLLC/ProfileUpdateError.jsx", "JavaScript JSX", 68, 0, 0, 0, 0, 0, 0, 0, 0, 0, 1, 4, 73
"/Users/munkh-erdeneotgonbayar/Projects/OT/ot-tas/src/modules/guest/Documents/SiteTravelOTLLC/RemoveExistingTravel.jsx", "JavaScript JSX", 233, 0, 0, 0, 0, 0, 0, 0, 0, 0, 41, 12, 286
"/Users/munkh-erdeneotgonbayar/Projects/OT/ot-tas/src/modules/guest/Documents/SiteTravelOTLLC/RescheduleExistingTravel.jsx", "JavaScript JSX", 388, 0, 0, 0, 0, 0, 0, 0, 0, 0, 3, 24, 415
"/Users/munkh-erdeneotgonbayar/Projects/OT/ot-tas/src/modules/guest/Documents/SiteTravelOTLLC/SearchRoomResultDetail.jsx", "JavaScript JSX", 284, 0, 0, 0, 0, 0, 0, 0, 0, 0, 14, 12, 310
"/Users/munkh-erdeneotgonbayar/Projects/OT/ot-tas/src/modules/guest/Documents/SiteTravelOTLLC/index.jsx", "JavaScript JSX", 483, 0, 0, 0, 0, 0, 0, 0, 0, 0, 1, 25, 509
"/Users/munkh-erdeneotgonbayar/Projects/OT/ot-tas/src/modules/guest/Documents/index.jsx", "JavaScript JSX", 4, 0, 0, 0, 0, 0, 0, 0, 0, 0, 0, 0, 4
"/Users/munkh-erdeneotgonbayar/Projects/OT/ot-tas/src/modules/guest/GuestHome/index.jsx", "JavaScript JSX", 37, 0, 0, 0, 0, 0, 0, 0, 0, 0, 0, 4, 41
"/Users/munkh-erdeneotgonbayar/Projects/OT/ot-tas/src/modules/guest/GuestProfile/ActiveTransport.jsx", "JavaScript JSX", 163, 0, 0, 0, 0, 0, 0, 0, 0, 0, 0, 11, 174
"/Users/munkh-erdeneotgonbayar/Projects/OT/ot-tas/src/modules/guest/GuestProfile/ExistingTransport.jsx", "JavaScript JSX", 97, 0, 0, 0, 0, 0, 0, 0, 0, 0, 0, 6, 103
"/Users/munkh-erdeneotgonbayar/Projects/OT/ot-tas/src/modules/guest/GuestProfile/HeaderGuest.jsx", "JavaScript JSX", 126, 0, 0, 0, 0, 0, 0, 0, 0, 0, 1, 7, 134
"/Users/munkh-erdeneotgonbayar/Projects/OT/ot-tas/src/modules/guest/GuestProfile/RoomOccupancy.jsx", "JavaScript JSX", 81, 0, 0, 0, 0, 0, 0, 0, 0, 0, 0, 6, 87
"/Users/munkh-erdeneotgonbayar/Projects/OT/ot-tas/src/modules/guest/GuestProfile/TeamBooking.jsx", "JavaScript JSX", 151, 0, 0, 0, 0, 0, 0, 0, 0, 0, 1, 12, 164
"/Users/munkh-erdeneotgonbayar/Projects/OT/ot-tas/src/modules/guest/GuestProfile/index.css", "PostCSS", 0, 0, 0, 12, 0, 0, 0, 0, 0, 0, 0, 0, 12
"/Users/munkh-erdeneotgonbayar/Projects/OT/ot-tas/src/modules/guest/GuestProfile/index.jsx", "JavaScript JSX", 217, 0, 0, 0, 0, 0, 0, 0, 0, 0, 0, 15, 232
"/Users/munkh-erdeneotgonbayar/Projects/OT/ot-tas/src/modules/guest/Requests/SearchTaskForm.jsx", "JavaScript JSX", 335, 0, 0, 0, 0, 0, 0, 0, 0, 0, 0, 19, 354
"/Users/munkh-erdeneotgonbayar/Projects/OT/ot-tas/src/modules/guest/Requests/index.jsx", "JavaScript JSX", 260, 0, 0, 0, 0, 0, 0, 0, 0, 0, 20, 16, 296
"/Users/munkh-erdeneotgonbayar/Projects/OT/ot-tas/src/modules/guest/index.jsx", "JavaScript JSX", 3, 0, 0, 0, 0, 0, 0, 0, 0, 0, 0, 0, 3
"/Users/munkh-erdeneotgonbayar/Projects/OT/ot-tas/src/modules/public/CommingSoon/index.jsx", "JavaScript JSX", 7, 0, 0, 0, 0, 0, 0, 0, 0, 0, 0, 2, 9
"/Users/munkh-erdeneotgonbayar/Projects/OT/ot-tas/src/modules/public/ErrorPage/index.jsx", "JavaScript JSX", 11, 0, 0, 0, 0, 0, 0, 0, 0, 0, 1, 3, 15
"/Users/munkh-erdeneotgonbayar/Projects/OT/ot-tas/src/modules/public/LocalError/index.jsx", "JavaScript JSX", 33, 0, 0, 0, 0, 0, 0, 0, 0, 0, 0, 3, 36
"/Users/munkh-erdeneotgonbayar/Projects/OT/ot-tas/src/modules/public/NetworkError/index.jsx", "JavaScript JSX", 11, 0, 0, 0, 0, 0, 0, 0, 0, 0, 0, 1, 12
"/Users/munkh-erdeneotgonbayar/Projects/OT/ot-tas/src/modules/public/Page401/index.jsx", "JavaScript JSX", 14, 0, 0, 0, 0, 0, 0, 0, 0, 0, 0, 1, 15
"/Users/munkh-erdeneotgonbayar/Projects/OT/ot-tas/src/modules/public/Page403/index.jsx", "JavaScript JSX", 10, 0, 0, 0, 0, 0, 0, 0, 0, 0, 0, 2, 12
"/Users/munkh-erdeneotgonbayar/Projects/OT/ot-tas/src/modules/public/Page404/index.jsx", "JavaScript JSX", 10, 0, 0, 0, 0, 0, 0, 0, 0, 0, 0, 2, 12
"/Users/munkh-erdeneotgonbayar/Projects/OT/ot-tas/src/modules/public/Page500/index.jsx", "JavaScript JSX", 10, 0, 0, 0, 0, 0, 0, 0, 0, 0, 0, 2, 12
"/Users/munkh-erdeneotgonbayar/Projects/OT/ot-tas/src/modules/public/Supervisor/ActiveTransport.jsx", "JavaScript JSX", 163, 0, 0, 0, 0, 0, 0, 0, 0, 0, 1, 11, 175
"/Users/munkh-erdeneotgonbayar/Projects/OT/ot-tas/src/modules/public/Supervisor/ExistingTransport.jsx", "JavaScript JSX", 97, 0, 0, 0, 0, 0, 0, 0, 0, 0, 0, 6, 103
"/Users/munkh-erdeneotgonbayar/Projects/OT/ot-tas/src/modules/public/Supervisor/HeaderGuest.jsx", "JavaScript JSX", 128, 0, 0, 0, 0, 0, 0, 0, 0, 0, 1, 7, 136
"/Users/munkh-erdeneotgonbayar/Projects/OT/ot-tas/src/modules/public/Supervisor/RoomOccupancy.jsx", "JavaScript JSX", 81, 0, 0, 0, 0, 0, 0, 0, 0, 0, 0, 6, 87
"/Users/munkh-erdeneotgonbayar/Projects/OT/ot-tas/src/modules/public/Supervisor/TeamBooking.jsx", "JavaScript JSX", 151, 0, 0, 0, 0, 0, 0, 0, 0, 0, 10, 12, 173
"/Users/munkh-erdeneotgonbayar/Projects/OT/ot-tas/src/modules/public/Supervisor/index.css", "PostCSS", 0, 0, 0, 12, 0, 0, 0, 0, 0, 0, 0, 0, 12
"/Users/munkh-erdeneotgonbayar/Projects/OT/ot-tas/src/modules/public/Supervisor/index.jsx", "JavaScript JSX", 186, 0, 0, 0, 0, 0, 0, 0, 0, 0, 12, 16, 214
"/Users/munkh-erdeneotgonbayar/Projects/OT/ot-tas/src/modules/public/Unauthorized/index.jsx", "JavaScript JSX", 246, 0, 0, 0, 0, 0, 0, 0, 0, 0, 1, 9, 256
"/Users/munkh-erdeneotgonbayar/Projects/OT/ot-tas/src/modules/public/index.jsx", "JavaScript JSX", 9, 0, 0, 0, 0, 0, 0, 0, 0, 0, 0, 0, 9
"/Users/munkh-erdeneotgonbayar/Projects/OT/ot-tas/src/modules/report/Administrator/index.jsx", "JavaScript JSX", 335, 0, 0, 0, 0, 0, 0, 0, 0, 0, 0, 23, 358
"/Users/munkh-erdeneotgonbayar/Projects/OT/ot-tas/src/modules/report/Dashboard/index.jsx", "JavaScript JSX", 120, 0, 0, 0, 0, 0, 0, 0, 0, 0, 0, 12, 132
"/Users/munkh-erdeneotgonbayar/Projects/OT/ot-tas/src/modules/report/Dashboard/report/index.jsx", "JavaScript JSX", 71, 0, 0, 0, 0, 0, 0, 0, 0, 0, 1, 3, 75
"/Users/munkh-erdeneotgonbayar/Projects/OT/ot-tas/src/modules/report/Scheduler/AddForm.jsx", "JavaScript JSX", 309, 0, 0, 0, 0, 0, 0, 0, 0, 0, 2, 8, 319
"/Users/munkh-erdeneotgonbayar/Projects/OT/ot-tas/src/modules/report/Scheduler/ColumnSelection.jsx", "JavaScript JSX", 52, 0, 0, 0, 0, 0, 0, 0, 0, 0, 0, 6, 58
"/Users/munkh-erdeneotgonbayar/Projects/OT/ot-tas/src/modules/report/Scheduler/EditForm.jsx", "JavaScript JSX", 387, 0, 0, 0, 0, 0, 0, 0, 0, 0, 2, 14, 403
"/Users/munkh-erdeneotgonbayar/Projects/OT/ot-tas/src/modules/report/Scheduler/Log.jsx", "JavaScript JSX", 89, 0, 0, 0, 0, 0, 0, 0, 0, 0, 0, 7, 96
"/Users/munkh-erdeneotgonbayar/Projects/OT/ot-tas/src/modules/report/Scheduler/RunningReport/index.jsx", "JavaScript JSX", 96, 0, 0, 0, 0, 0, 0, 0, 0, 0, 0, 8, 104
"/Users/munkh-erdeneotgonbayar/Projects/OT/ot-tas/src/modules/report/Scheduler/index.jsx", "JavaScript JSX", 945, 0, 0, 0, 0, 0, 0, 0, 0, 0, 13, 48, 1006
"/Users/munkh-erdeneotgonbayar/Projects/OT/ot-tas/src/modules/report/Template/RunTemplate.jsx", "JavaScript JSX", 133, 0, 0, 0, 0, 0, 0, 0, 0, 0, 1, 9, 143
"/Users/munkh-erdeneotgonbayar/Projects/OT/ot-tas/src/modules/report/Template/index.jsx", "JavaScript JSX", 246, 0, 0, 0, 0, 0, 0, 0, 0, 0, 7, 17, 270
"/Users/munkh-erdeneotgonbayar/Projects/OT/ot-tas/src/modules/report/index.js", "JavaScript", 0, 0, 4, 0, 0, 0, 0, 0, 0, 0, 0, 0, 4
"/Users/munkh-erdeneotgonbayar/Projects/OT/ot-tas/src/modules/request/ActiveTransportSchedule/index.jsx", "JavaScript JSX", 170, 0, 0, 0, 0, 0, 0, 0, 0, 0, 5, 10, 185
"/Users/munkh-erdeneotgonbayar/Projects/OT/ot-tas/src/modules/request/CancelRequest/index.jsx", "JavaScript JSX", 411, 0, 0, 0, 0, 0, 0, 0, 0, 0, 13, 20, 444
"/Users/munkh-erdeneotgonbayar/Projects/OT/ot-tas/src/modules/request/CreateDocument/De-Mobilisation/index.jsx", "JavaScript JSX", 286, 0, 0, 0, 0, 0, 0, 0, 0, 0, 12, 17, 315
"/Users/munkh-erdeneotgonbayar/Projects/OT/ot-tas/src/modules/request/CreateDocument/EmployeeHeader.jsx", "JavaScript JSX", 433, 0, 0, 0, 0, 0, 0, 0, 0, 0, 6, 19, 458
"/Users/munkh-erdeneotgonbayar/Projects/OT/ot-tas/src/modules/request/CreateDocument/NonSiteTravel/Accommodation.jsx", "JavaScript JSX", 312, 0, 0, 0, 0, 0, 0, 0, 0, 0, 7, 15, 334
"/Users/munkh-erdeneotgonbayar/Projects/OT/ot-tas/src/modules/request/CreateDocument/NonSiteTravel/Attachments.jsx", "JavaScript JSX", 190, 0, 0, 0, 0, 0, 0, 0, 0, 0, 1, 11, 202
"/Users/munkh-erdeneotgonbayar/Projects/OT/ot-tas/src/modules/request/CreateDocument/NonSiteTravel/Flight.jsx", "JavaScript JSX", 233, 0, 0, 0, 0, 0, 0, 0, 0, 0, 2, 14, 249
"/Users/munkh-erdeneotgonbayar/Projects/OT/ot-tas/src/modules/request/CreateDocument/NonSiteTravel/att.jsx", "JavaScript JSX", 154, 0, 0, 0, 0, 0, 0, 0, 0, 0, 1, 11, 166
"/Users/munkh-erdeneotgonbayar/Projects/OT/ot-tas/src/modules/request/CreateDocument/NonSiteTravel/index.jsx", "JavaScript JSX", 514, 0, 0, 0, 0, 0, 0, 0, 0, 0, 25, 21, 560
"/Users/munkh-erdeneotgonbayar/Projects/OT/ot-tas/src/modules/request/CreateDocument/ProfileForm.jsx", "JavaScript JSX", 759, 0, 0, 0, 0, 0, 0, 0, 0, 0, 26, 25, 810
"/Users/munkh-erdeneotgonbayar/Projects/OT/ot-tas/src/modules/request/CreateDocument/SAMProfileChanges/ProfileForm.jsx", "JavaScript JSX", 713, 0, 0, 0, 0, 0, 0, 0, 0, 0, 117, 26, 856
"/Users/munkh-erdeneotgonbayar/Projects/OT/ot-tas/src/modules/request/CreateDocument/SAMProfileChanges/Temporary.jsx", "JavaScript JSX", 57, 0, 0, 0, 0, 0, 0, 0, 0, 0, 0, 3, 60
"/Users/munkh-erdeneotgonbayar/Projects/OT/ot-tas/src/modules/request/CreateDocument/SAMProfileChanges/index.jsx", "JavaScript JSX", 276, 0, 0, 0, 0, 0, 0, 0, 0, 0, 13, 25, 314
"/Users/munkh-erdeneotgonbayar/Projects/OT/ot-tas/src/modules/request/CreateDocument/SiteTravel/Attachments.jsx", "JavaScript JSX", 181, 0, 0, 0, 0, 0, 0, 0, 0, 0, 1, 10, 192
"/Users/munkh-erdeneotgonbayar/Projects/OT/ot-tas/src/modules/request/CreateDocument/SiteTravel/NewExternalTravel.jsx", "JavaScript JSX", 245, 0, 0, 0, 0, 0, 0, 0, 0, 0, 1, 13, 259
"/Users/munkh-erdeneotgonbayar/Projects/OT/ot-tas/src/modules/request/CreateDocument/SiteTravel/NewTravel/index.jsx", "JavaScript JSX", 510, 0, 0, 0, 0, 0, 0, 0, 0, 0, 1, 18, 529
"/Users/munkh-erdeneotgonbayar/Projects/OT/ot-tas/src/modules/request/CreateDocument/SiteTravel/PeopleList/AddPerson.jsx", "JavaScript JSX", 720, 0, 0, 0, 0, 0, 0, 0, 0, 0, 25, 20, 765
"/Users/munkh-erdeneotgonbayar/Projects/OT/ot-tas/src/modules/request/CreateDocument/SiteTravel/PeopleList/index.jsx", "JavaScript JSX", 238, 0, 0, 0, 0, 0, 0, 0, 0, 0, 0, 9, 247
"/Users/munkh-erdeneotgonbayar/Projects/OT/ot-tas/src/modules/request/CreateDocument/SiteTravel/RemoveExistingTravel.jsx", "JavaScript JSX", 261, 0, 0, 0, 0, 0, 0, 0, 0, 0, 0, 15, 276
"/Users/munkh-erdeneotgonbayar/Projects/OT/ot-tas/src/modules/request/CreateDocument/SiteTravel/RescheduleExistingTravel.jsx", "JavaScript JSX", 424, 0, 0, 0, 0, 0, 0, 0, 0, 0, 19, 24, 467
"/Users/munkh-erdeneotgonbayar/Projects/OT/ot-tas/src/modules/request/CreateDocument/SiteTravel/index.jsx", "JavaScript JSX", 557, 0, 0, 0, 0, 0, 0, 0, 0, 0, 8, 29, 594
"/Users/munkh-erdeneotgonbayar/Projects/OT/ot-tas/src/modules/request/CreateDocument/index.js", "JavaScript", 0, 0, 5, 0, 0, 0, 0, 0, 0, 0, 0, 0, 5
"/Users/munkh-erdeneotgonbayar/Projects/OT/ot-tas/src/modules/request/CreateDocument/indexPage.jsx", "JavaScript JSX", 25, 0, 0, 0, 0, 0, 0, 0, 0, 0, 0, 5, 30
"/Users/munkh-erdeneotgonbayar/Projects/OT/ot-tas/src/modules/request/Dashboard/DaysAway.jsx", "JavaScript JSX", 73, 0, 0, 0, 0, 0, 0, 0, 0, 0, 3, 5, 81
"/Users/munkh-erdeneotgonbayar/Projects/OT/ot-tas/src/modules/request/Dashboard/DeclinedSiteTravel.jsx", "JavaScript JSX", 36, 0, 0, 0, 0, 0, 0, 0, 0, 0, 3, 4, 43
"/Users/munkh-erdeneotgonbayar/Projects/OT/ot-tas/src/modules/request/Dashboard/TotalReqByMonth.jsx", "JavaScript JSX", 72, 0, 0, 0, 0, 0, 0, 0, 0, 0, 6, 8, 86
"/Users/munkh-erdeneotgonbayar/Projects/OT/ot-tas/src/modules/request/Dashboard/TotalRequest.jsx", "JavaScript JSX", 70, 0, 0, 0, 0, 0, 0, 0, 0, 0, 2, 7, 79
"/Users/munkh-erdeneotgonbayar/Projects/OT/ot-tas/src/modules/request/Dashboard/index.jsx", "JavaScript JSX", 61, 0, 0, 0, 0, 0, 0, 0, 0, 0, 0, 5, 66
"/Users/munkh-erdeneotgonbayar/Projects/OT/ot-tas/src/modules/request/DelegationConfig/index.jsx", "JavaScript JSX", 396, 0, 0, 0, 0, 0, 0, 0, 0, 0, 1, 22, 419
"/Users/munkh-erdeneotgonbayar/Projects/OT/ot-tas/src/modules/request/Documents/De-Mobilisation/index.jsx", "JavaScript JSX", 560, 0, 0, 0, 0, 0, 0, 0, 0, 0, 76, 36, 672
"/Users/munkh-erdeneotgonbayar/Projects/OT/ot-tas/src/modules/request/Documents/ExistingBookingModal.jsx", "JavaScript JSX", 149, 0, 0, 0, 0, 0, 0, 0, 0, 0, 0, 7, 156
"/Users/munkh-erdeneotgonbayar/Projects/OT/ot-tas/src/modules/request/Documents/ExternalTravel/Attachments.jsx", "JavaScript JSX", 260, 0, 0, 0, 0, 0, 0, 0, 0, 0, 0, 21, 281
"/Users/munkh-erdeneotgonbayar/Projects/OT/ot-tas/src/modules/request/Documents/ExternalTravel/NewTravel.jsx", "JavaScript JSX", 282, 0, 0, 0, 0, 0, 0, 0, 0, 0, 0, 15, 297
"/Users/munkh-erdeneotgonbayar/Projects/OT/ot-tas/src/modules/request/Documents/ExternalTravel/ProfileForm.jsx", "JavaScript JSX", 975, 0, 0, 0, 0, 0, 0, 0, 0, 0, 33, 31, 1039
"/Users/munkh-erdeneotgonbayar/Projects/OT/ot-tas/src/modules/request/Documents/ExternalTravel/ProfileUpdateError.jsx", "JavaScript JSX", 68, 0, 0, 0, 0, 0, 0, 0, 0, 0, 1, 4, 73
"/Users/munkh-erdeneotgonbayar/Projects/OT/ot-tas/src/modules/request/Documents/ExternalTravel/RemoveExistingTravel.jsx", "JavaScript JSX", 71, 0, 0, 0, 0, 0, 0, 0, 0, 0, 0, 6, 77
"/Users/munkh-erdeneotgonbayar/Projects/OT/ot-tas/src/modules/request/Documents/ExternalTravel/RescheduleExistingTravel.jsx", "JavaScript JSX", 195, 0, 0, 0, 0, 0, 0, 0, 0, 0, 0, 11, 206
"/Users/munkh-erdeneotgonbayar/Projects/OT/ot-tas/src/modules/request/Documents/ExternalTravel/index.jsx", "JavaScript JSX", 882, 0, 0, 0, 0, 0, 0, 0, 0, 0, 23, 49, 954
"/Users/munkh-erdeneotgonbayar/Projects/OT/ot-tas/src/modules/request/Documents/NonSiteTravelOTLLC/Accommodation.jsx", "JavaScript JSX", 617, 0, 0, 0, 0, 0, 0, 0, 0, 0, 17, 25, 659
"/Users/munkh-erdeneotgonbayar/Projects/OT/ot-tas/src/modules/request/Documents/NonSiteTravelOTLLC/Attachments.jsx", "JavaScript JSX", 349, 0, 0, 0, 0, 0, 0, 0, 0, 0, 0, 24, 373
"/Users/munkh-erdeneotgonbayar/Projects/OT/ot-tas/src/modules/request/Documents/NonSiteTravelOTLLC/Flight/Itinerary/AddOptionForm.jsx", "JavaScript JSX", 86, 0, 0, 0, 0, 0, 0, 0, 0, 0, 1, 4, 91
"/Users/munkh-erdeneotgonbayar/Projects/OT/ot-tas/src/modules/request/Documents/NonSiteTravelOTLLC/Flight/Itinerary/EditOptionForm.jsx", "JavaScript JSX", 65, 0, 0, 0, 0, 0, 0, 0, 0, 0, 0, 5, 70
"/Users/munkh-erdeneotgonbayar/Projects/OT/ot-tas/src/modules/request/Documents/NonSiteTravelOTLLC/Flight/Itinerary/FinalItinerary.jsx", "JavaScript JSX", 204, 0, 0, 0, 0, 0, 0, 0, 0, 0, 0, 14, 218
"/Users/munkh-erdeneotgonbayar/Projects/OT/ot-tas/src/modules/request/Documents/NonSiteTravelOTLLC/Flight/Itinerary/ProcessingItinerary.jsx", "JavaScript JSX", 201, 0, 0, 0, 0, 0, 0, 0, 0, 0, 0, 18, 219
"/Users/munkh-erdeneotgonbayar/Projects/OT/ot-tas/src/modules/request/Documents/NonSiteTravelOTLLC/Flight/Itinerary/UpdateItinerary.jsx", "JavaScript JSX", 91, 0, 0, 0, 0, 0, 0, 0, 0, 0, 1, 8, 100
"/Users/munkh-erdeneotgonbayar/Projects/OT/ot-tas/src/modules/request/Documents/NonSiteTravelOTLLC/Flight/Itinerary/index.js", "JavaScript", 0, 0, 3, 0, 0, 0, 0, 0, 0, 0, 0, 0, 3
"/Users/munkh-erdeneotgonbayar/Projects/OT/ot-tas/src/modules/request/Documents/NonSiteTravelOTLLC/Flight/OptionDetail.jsx", "JavaScript JSX", 152, 0, 0, 0, 0, 0, 0, 0, 0, 0, 1, 9, 162
"/Users/munkh-erdeneotgonbayar/Projects/OT/ot-tas/src/modules/request/Documents/NonSiteTravelOTLLC/Flight/TravelOptions.jsx", "JavaScript JSX", 273, 0, 0, 0, 0, 0, 0, 0, 0, 0, 4, 12, 289
"/Users/munkh-erdeneotgonbayar/Projects/OT/ot-tas/src/modules/request/Documents/NonSiteTravelOTLLC/Flight/index.jsx", "JavaScript JSX", 364, 0, 0, 0, 0, 0, 0, 0, 0, 0, 18, 28, 410
"/Users/munkh-erdeneotgonbayar/Projects/OT/ot-tas/src/modules/request/Documents/NonSiteTravelOTLLC/Flight/style.module.css", "PostCSS", 0, 0, 0, 19, 0, 0, 0, 0, 0, 0, 0, 1, 20
"/Users/munkh-erdeneotgonbayar/Projects/OT/ot-tas/src/modules/request/Documents/NonSiteTravelOTLLC/TravelInfo.jsx", "JavaScript JSX", 164, 0, 0, 0, 0, 0, 0, 0, 0, 0, 1, 11, 176
"/Users/munkh-erdeneotgonbayar/Projects/OT/ot-tas/src/modules/request/Documents/NonSiteTravelOTLLC/index.jsx", "JavaScript JSX", 868, 0, 0, 0, 0, 0, 0, 0, 0, 0, 18, 56, 942
"/Users/munkh-erdeneotgonbayar/Projects/OT/ot-tas/src/modules/request/Documents/SAMProfileChanges/ChangesLog.jsx", "JavaScript JSX", 56, 0, 0, 0, 0, 0, 0, 0, 0, 0, 3, 4, 63
"/Users/munkh-erdeneotgonbayar/Projects/OT/ot-tas/src/modules/request/Documents/SAMProfileChanges/ProfileForm.jsx", "JavaScript JSX", 906, 0, 0, 0, 0, 0, 0, 0, 0, 0, 53, 29, 988
"/Users/munkh-erdeneotgonbayar/Projects/OT/ot-tas/src/modules/request/Documents/SAMProfileChanges/Temporary.jsx", "JavaScript JSX", 76, 0, 0, 0, 0, 0, 0, 0, 0, 0, 3, 6, 85
"/Users/munkh-erdeneotgonbayar/Projects/OT/ot-tas/src/modules/request/Documents/SAMProfileChanges/index.jsx", "JavaScript JSX", 604, 0, 0, 0, 0, 0, 0, 0, 0, 0, 5, 33, 642
"/Users/munkh-erdeneotgonbayar/Projects/OT/ot-tas/src/modules/request/Documents/SiteTravelOTLLC/Attachments.jsx", "JavaScript JSX", 276, 0, 0, 0, 0, 0, 0, 0, 0, 0, 2, 22, 300
"/Users/munkh-erdeneotgonbayar/Projects/OT/ot-tas/src/modules/request/Documents/SiteTravelOTLLC/ChangeRoom.jsx", "JavaScript JSX", 271, 0, 0, 0, 0, 0, 0, 0, 0, 0, 10, 12, 293
"/Users/munkh-erdeneotgonbayar/Projects/OT/ot-tas/src/modules/request/Documents/SiteTravelOTLLC/NewTravel.jsx", "JavaScript JSX", 595, 0, 0, 0, 0, 0, 0, 0, 0, 0, 2, 21, 618
"/Users/munkh-erdeneotgonbayar/Projects/OT/ot-tas/src/modules/request/Documents/SiteTravelOTLLC/ProfileForm.jsx", "JavaScript JSX", 836, 0, 0, 0, 0, 0, 0, 0, 0, 0, 26, 26, 888
"/Users/munkh-erdeneotgonbayar/Projects/OT/ot-tas/src/modules/request/Documents/SiteTravelOTLLC/ProfileUpdateError.jsx", "JavaScript JSX", 68, 0, 0, 0, 0, 0, 0, 0, 0, 0, 1, 4, 73
"/Users/munkh-erdeneotgonbayar/Projects/OT/ot-tas/src/modules/request/Documents/SiteTravelOTLLC/ReScheduleRoomField.jsx", "JavaScript JSX", 157, 0, 0, 0, 0, 0, 0, 0, 0, 0, 22, 12, 191
"/Users/munkh-erdeneotgonbayar/Projects/OT/ot-tas/src/modules/request/Documents/SiteTravelOTLLC/RemoveExistingTravel.jsx", "JavaScript JSX", 337, 0, 0, 0, 0, 0, 0, 0, 0, 0, 11, 9, 357
"/Users/munkh-erdeneotgonbayar/Projects/OT/ot-tas/src/modules/request/Documents/SiteTravelOTLLC/RescheduleExistingTravel.jsx", "JavaScript JSX", 614, 0, 0, 0, 0, 0, 0, 0, 0, 0, 19, 26, 659
"/Users/munkh-erdeneotgonbayar/Projects/OT/ot-tas/src/modules/request/Documents/SiteTravelOTLLC/RoomField.jsx", "JavaScript JSX", 151, 0, 0, 0, 0, 0, 0, 0, 0, 0, 5, 11, 167
"/Users/munkh-erdeneotgonbayar/Projects/OT/ot-tas/src/modules/request/Documents/SiteTravelOTLLC/SearchRoomResultDetail.jsx", "JavaScript JSX", 284, 0, 0, 0, 0, 0, 0, 0, 0, 0, 14, 12, 310
"/Users/munkh-erdeneotgonbayar/Projects/OT/ot-tas/src/modules/request/Documents/SiteTravelOTLLC/index.jsx", "JavaScript JSX", 757, 0, 0, 0, 0, 0, 0, 0, 0, 0, 12, 52, 821
"/Users/munkh-erdeneotgonbayar/Projects/OT/ot-tas/src/modules/request/Documents/index.jsx", "JavaScript JSX", 5, 0, 0, 0, 0, 0, 0, 0, 0, 0, 0, 0, 5
"/Users/munkh-erdeneotgonbayar/Projects/OT/ot-tas/src/modules/request/ExistingBookings/Detail.jsx", "JavaScript JSX", 163, 0, 0, 0, 0, 0, 0, 0, 0, 0, 0, 13, 176
"/Users/munkh-erdeneotgonbayar/Projects/OT/ot-tas/src/modules/request/ExistingBookings/ExistingTransport.jsx", "JavaScript JSX", 98, 0, 0, 0, 0, 0, 0, 0, 0, 0, 0, 7, 105
"/Users/munkh-erdeneotgonbayar/Projects/OT/ot-tas/src/modules/request/ExistingBookings/RoomOccupancy.jsx", "JavaScript JSX", 82, 0, 0, 0, 0, 0, 0, 0, 0, 0, 0, 7, 89
"/Users/munkh-erdeneotgonbayar/Projects/OT/ot-tas/src/modules/request/ExistingBookings/index.jsx", "JavaScript JSX", 24, 0, 0, 0, 0, 0, 0, 0, 0, 0, 0, 3, 27
"/Users/munkh-erdeneotgonbayar/Projects/OT/ot-tas/src/modules/request/HierarchicalUser/index.jsx", "JavaScript JSX", 247, 0, 0, 0, 0, 0, 0, 0, 0, 0, 0, 19, 266
"/Users/munkh-erdeneotgonbayar/Projects/OT/ot-tas/src/modules/request/ImpersonateUser/ImpersonateUserTasks.jsx", "JavaScript JSX", 228, 0, 0, 0, 0, 0, 0, 0, 0, 0, 13, 14, 255
"/Users/munkh-erdeneotgonbayar/Projects/OT/ot-tas/src/modules/request/ImpersonateUser/index.jsx", "JavaScript JSX", 116, 0, 0, 0, 0, 0, 0, 0, 0, 0, 0, 12, 128
"/Users/munkh-erdeneotgonbayar/Projects/OT/ot-tas/src/modules/request/RequestShiftVisual/index.jsx", "JavaScript JSX", 20, 0, 0, 0, 0, 0, 0, 0, 0, 0, 0, 3, 23
"/Users/munkh-erdeneotgonbayar/Projects/OT/ot-tas/src/modules/request/RequestShiftVisualDetail/RenderCell.jsx", "JavaScript JSX", 51, 0, 0, 0, 0, 0, 0, 0, 0, 0, 3, 2, 56
"/Users/munkh-erdeneotgonbayar/Projects/OT/ot-tas/src/modules/request/RequestShiftVisualDetail/index.jsx", "JavaScript JSX", 285, 0, 0, 0, 0, 0, 0, 0, 0, 0, 19, 18, 322
"/Users/munkh-erdeneotgonbayar/Projects/OT/ot-tas/src/modules/request/Task/SearchTaskForm.jsx", "JavaScript JSX", 335, 0, 0, 0, 0, 0, 0, 0, 0, 0, 0, 19, 354
"/Users/munkh-erdeneotgonbayar/Projects/OT/ot-tas/src/modules/request/Task/Test.jsx", "JavaScript JSX", 165, 0, 0, 0, 0, 0, 0, 0, 0, 0, 1, 7, 173
"/Users/munkh-erdeneotgonbayar/Projects/OT/ot-tas/src/modules/request/Task/index.jsx", "JavaScript JSX", 315, 0, 0, 0, 0, 0, 0, 0, 0, 0, 4, 17, 336
"/Users/munkh-erdeneotgonbayar/Projects/OT/ot-tas/src/modules/request/index.js", "JavaScript", 0, 0, 9, 0, 0, 0, 0, 0, 0, 0, 0, 0, 9
"/Users/munkh-erdeneotgonbayar/Projects/OT/ot-tas/src/modules/tas/Accommodation/Bed/index.jsx", "JavaScript JSX", 258, 0, 0, 0, 0, 0, 0, 0, 0, 0, 0, 24, 282
"/Users/munkh-erdeneotgonbayar/Projects/OT/ot-tas/src/modules/tas/Accommodation/ByPerson/index.jsx", "JavaScript JSX", 237, 0, 0, 0, 0, 0, 0, 0, 0, 0, 1, 16, 254
"/Users/munkh-erdeneotgonbayar/Projects/OT/ot-tas/src/modules/tas/Accommodation/ByRoom/index.jsx", "JavaScript JSX", 248, 0, 0, 0, 0, 0, 0, 0, 0, 0, 1, 10, 259
"/Users/munkh-erdeneotgonbayar/Projects/OT/ot-tas/src/modules/tas/Accommodation/Camp/index.jsx", "JavaScript JSX", 310, 0, 0, 0, 0, 0, 0, 0, 0, 0, 0, 24, 334
"/Users/munkh-erdeneotgonbayar/Projects/OT/ot-tas/src/modules/tas/Accommodation/Room/index.jsx", "JavaScript JSX", 497, 0, 0, 0, 0, 0, 0, 0, 0, 0, 10, 32, 539
"/Users/munkh-erdeneotgonbayar/Projects/OT/ot-tas/src/modules/tas/Accommodation/RoomAssign/index.jsx", "JavaScript JSX", 15, 0, 0, 0, 0, 0, 0, 0, 0, 0, 0, 2, 17
"/Users/munkh-erdeneotgonbayar/Projects/OT/ot-tas/src/modules/tas/Accommodation/RoomAssignDetail/RoomAssignDetail.jsx", "JavaScript JSX", 48, 0, 0, 0, 0, 0, 0, 0, 0, 0, 0, 6, 54
"/Users/munkh-erdeneotgonbayar/Projects/OT/ot-tas/src/modules/tas/Accommodation/RoomAssignDetail/components/ChangeRoomModal.jsx", "JavaScript JSX", 234, 0, 0, 0, 0, 0, 0, 0, 0, 0, 3, 9, 246
"/Users/munkh-erdeneotgonbayar/Projects/OT/ot-tas/src/modules/tas/Accommodation/RoomAssignDetail/components/EmployeeProfile.jsx", "JavaScript JSX", 265, 0, 0, 0, 0, 0, 0, 0, 0, 0, 9, 11, 285
"/Users/munkh-erdeneotgonbayar/Projects/OT/ot-tas/src/modules/tas/Accommodation/RoomAssignDetail/components/ExpandRow.jsx", "JavaScript JSX", 197, 0, 0, 0, 0, 0, 0, 0, 0, 0, 22, 8, 227
"/Users/munkh-erdeneotgonbayar/Projects/OT/ot-tas/src/modules/tas/Accommodation/RoomAssignDetail/components/Ownership.jsx", "JavaScript JSX", 171, 0, 0, 0, 0, 0, 0, 0, 0, 0, 4, 10, 185
"/Users/munkh-erdeneotgonbayar/Projects/OT/ot-tas/src/modules/tas/Accommodation/RoomAssignDetail/components/RemoveOwenership.jsx", "JavaScript JSX", 52, 0, 0, 0, 0, 0, 0, 0, 0, 0, 0, 7, 59
"/Users/munkh-erdeneotgonbayar/Projects/OT/ot-tas/src/modules/tas/Accommodation/RoomAssignDetail/components/RoomSelection.jsx", "JavaScript JSX", 187, 0, 0, 0, 0, 0, 0, 0, 0, 0, 2, 9, 198
"/Users/munkh-erdeneotgonbayar/Projects/OT/ot-tas/src/modules/tas/Accommodation/RoomAssignDetail/components/RoomSelectionOwner.jsx", "JavaScript JSX", 150, 0, 0, 0, 0, 0, 0, 0, 0, 0, 2, 8, 160
"/Users/munkh-erdeneotgonbayar/Projects/OT/ot-tas/src/modules/tas/Accommodation/RoomAssignDetail/components/Temporary.jsx", "JavaScript JSX", 137, 0, 0, 0, 0, 0, 0, 0, 0, 0, 0, 10, 147
"/Users/munkh-erdeneotgonbayar/Projects/OT/ot-tas/src/modules/tas/Accommodation/RoomAssignDetail/index.jsx", "JavaScript JSX", 20, 0, 0, 0, 0, 0, 0, 0, 0, 0, 0, 2, 22
"/Users/munkh-erdeneotgonbayar/Projects/OT/ot-tas/src/modules/tas/Accommodation/RoomAudit/index.jsx", "JavaScript JSX", 399, 0, 0, 0, 0, 0, 0, 0, 0, 0, 1, 14, 414
"/Users/munkh-erdeneotgonbayar/Projects/OT/ot-tas/src/modules/tas/Accommodation/RoomAuditDetail/index.jsx", "JavaScript JSX", 149, 0, 0, 0, 0, 0, 0, 0, 0, 0, 22, 9, 180
"/Users/munkh-erdeneotgonbayar/Projects/OT/ot-tas/src/modules/tas/Accommodation/RoomCalendar/CellRender.jsx", "JavaScript JSX", 39, 0, 0, 0, 0, 0, 0, 0, 0, 0, 1, 6, 46
"/Users/munkh-erdeneotgonbayar/Projects/OT/ot-tas/src/modules/tas/Accommodation/RoomCalendar/InsideRoomDrawer/columns.jsx", "JavaScript JSX", 201, 0, 0, 0, 0, 0, 0, 0, 0, 0, 1, 5, 207
"/Users/munkh-erdeneotgonbayar/Projects/OT/ot-tas/src/modules/tas/Accommodation/RoomCalendar/InsideRoomDrawer/index.jsx", "JavaScript JSX", 133, 0, 0, 0, 0, 0, 0, 0, 0, 0, 0, 11, 144
"/Users/munkh-erdeneotgonbayar/Projects/OT/ot-tas/src/modules/tas/Accommodation/RoomCalendar/index.jsx", "JavaScript JSX", 337, 0, 0, 0, 0, 0, 0, 0, 0, 0, 4, 11, 352
"/Users/munkh-erdeneotgonbayar/Projects/OT/ot-tas/src/modules/tas/Accommodation/RoomCalendarDetail/AuditModal.jsx", "JavaScript JSX", 63, 0, 0, 0, 0, 0, 0, 0, 0, 0, 0, 5, 68
"/Users/munkh-erdeneotgonbayar/Projects/OT/ot-tas/src/modules/tas/Accommodation/RoomCalendarDetail/OnSitePeople.jsx", "JavaScript JSX", 160, 0, 0, 0, 0, 0, 0, 0, 0, 0, 0, 9, 169
"/Users/munkh-erdeneotgonbayar/Projects/OT/ot-tas/src/modules/tas/Accommodation/RoomCalendarDetail/SearchRoomResultDetail.jsx", "JavaScript JSX", 290, 0, 0, 0, 0, 0, 0, 0, 0, 0, 20, 11, 321
"/Users/munkh-erdeneotgonbayar/Projects/OT/ot-tas/src/modules/tas/Accommodation/RoomCalendarDetail/YearBarChart.jsx", "JavaScript JSX", 49, 0, 0, 0, 0, 0, 0, 0, 0, 0, 0, 3, 52
"/Users/munkh-erdeneotgonbayar/Projects/OT/ot-tas/src/modules/tas/Accommodation/RoomCalendarDetail/index.jsx", "JavaScript JSX", 881, 0, 0, 0, 0, 0, 0, 0, 0, 0, 5, 46, 932
"/Users/munkh-erdeneotgonbayar/Projects/OT/ot-tas/src/modules/tas/Accommodation/RoomCalendarDetail/ownerColumns.js", "JavaScript", 0, 0, 121, 0, 0, 0, 0, 0, 0, 0, 0, 2, 123
"/Users/munkh-erdeneotgonbayar/Projects/OT/ot-tas/src/modules/tas/Accommodation/RoomTypeGroup/index.jsx", "JavaScript JSX", 281, 0, 0, 0, 0, 0, 0, 0, 0, 0, 2, 24, 307
"/Users/munkh-erdeneotgonbayar/Projects/OT/ot-tas/src/modules/tas/Accommodation/index.js", "JavaScript", 0, 0, 13, 0, 0, 0, 0, 0, 0, 0, 0, 0, 13
"/Users/munkh-erdeneotgonbayar/Projects/OT/ot-tas/src/modules/tas/BulkProcessing/BulkCostCode/index.jsx", "JavaScript JSX", 431, 0, 0, 0, 0, 0, 0, 0, 0, 0, 2, 26, 459
"/Users/munkh-erdeneotgonbayar/Projects/OT/ot-tas/src/modules/tas/BulkProcessing/BulkDepartment/index.jsx", "JavaScript JSX", 388, 0, 0, 0, 0, 0, 0, 0, 0, 0, 7, 26, 421
"/Users/munkh-erdeneotgonbayar/Projects/OT/ot-tas/src/modules/tas/BulkProcessing/BulkEmployer/index.jsx", "JavaScript JSX", 433, 0, 0, 0, 0, 0, 0, 0, 0, 0, 2, 26, 461
"/Users/munkh-erdeneotgonbayar/Projects/OT/ot-tas/src/modules/tas/BulkProcessing/BulkGroup/index.jsx", "JavaScript JSX", 440, 0, 0, 0, 0, 0, 0, 0, 0, 0, 2, 26, 468
"/Users/munkh-erdeneotgonbayar/Projects/OT/ot-tas/src/modules/tas/BulkProcessing/BulkPosition/index.jsx", "JavaScript JSX", 442, 0, 0, 0, 0, 0, 0, 0, 0, 0, 4, 23, 469
"/Users/munkh-erdeneotgonbayar/Projects/OT/ot-tas/src/modules/tas/BulkProcessing/BulkProfile/index.jsx", "JavaScript JSX", 442, 0, 0, 0, 0, 0, 0, 0, 0, 0, 14, 22, 478
"/Users/munkh-erdeneotgonbayar/Projects/OT/ot-tas/src/modules/tas/BulkProcessing/BulkRoom/index.jsx", "JavaScript JSX", 356, 0, 0, 0, 0, 0, 0, 0, 0, 0, 10, 23, 389
"/Users/munkh-erdeneotgonbayar/Projects/OT/ot-tas/src/modules/tas/BulkProcessing/BulkShiftStatus/columns.js", "JavaScript", 0, 0, 104, 0, 0, 0, 0, 0, 0, 0, 13, 1, 118
"/Users/munkh-erdeneotgonbayar/Projects/OT/ot-tas/src/modules/tas/BulkProcessing/BulkShiftStatus/index.jsx", "JavaScript JSX", 251, 0, 0, 0, 0, 0, 0, 0, 0, 0, 0, 14, 265
"/Users/munkh-erdeneotgonbayar/Projects/OT/ot-tas/src/modules/tas/BulkProcessing/index.jsx", "JavaScript JSX", 8, 0, 0, 0, 0, 0, 0, 0, 0, 0, 0, 0, 8
"/Users/munkh-erdeneotgonbayar/Projects/OT/ot-tas/src/modules/tas/Dashboard/Accommodation/index.jsx", "JavaScript JSX", 96, 0, 0, 0, 0, 0, 0, 0, 0, 0, 0, 5, 101
"/Users/munkh-erdeneotgonbayar/Projects/OT/ot-tas/src/modules/tas/Dashboard/Accommodation/views/Camp/CampChart.jsx", "JavaScript JSX", 90, 0, 0, 0, 0, 0, 0, 0, 0, 0, 0, 6, 96
"/Users/munkh-erdeneotgonbayar/Projects/OT/ot-tas/src/modules/tas/Dashboard/Accommodation/views/Camp/index.jsx", "JavaScript JSX", 18, 0, 0, 0, 0, 0, 0, 0, 0, 0, 0, 4, 22
"/Users/munkh-erdeneotgonbayar/Projects/OT/ot-tas/src/modules/tas/Dashboard/Accommodation/views/Metric.jsx", "JavaScript JSX", 67, 0, 0, 0, 0, 0, 0, 0, 0, 0, 0, 3, 70
"/Users/munkh-erdeneotgonbayar/Projects/OT/ot-tas/src/modules/tas/Dashboard/Accommodation/views/NoRoom.jsx", "JavaScript JSX", 127, 0, 0, 0, 0, 0, 0, 0, 0, 0, 80, 8, 215
"/Users/munkh-erdeneotgonbayar/Projects/OT/ot-tas/src/modules/tas/Dashboard/Accommodation/views/NonSite.jsx", "JavaScript JSX", 7, 0, 0, 0, 0, 0, 0, 0, 0, 0, 0, 2, 9
"/Users/munkh-erdeneotgonbayar/Projects/OT/ot-tas/src/modules/tas/Dashboard/Accommodation/views/Pob.jsx", "JavaScript JSX", 95, 0, 0, 0, 0, 0, 0, 0, 0, 0, 1, 7, 103
"/Users/munkh-erdeneotgonbayar/Projects/OT/ot-tas/src/modules/tas/Dashboard/Accommodation/views/RoomOccupancy.jsx", "JavaScript JSX", 202, 0, 0, 0, 0, 0, 0, 0, 0, 0, 1, 15, 218
"/Users/munkh-erdeneotgonbayar/Projects/OT/ot-tas/src/modules/tas/Dashboard/Accommodation/views/RoomType.jsx", "JavaScript JSX", 82, 0, 0, 0, 0, 0, 0, 0, 0, 0, 2, 4, 88
"/Users/munkh-erdeneotgonbayar/Projects/OT/ot-tas/src/modules/tas/Dashboard/Accommodation/views/Visitor.jsx", "JavaScript JSX", 101, 0, 0, 0, 0, 0, 0, 0, 0, 0, 34, 8, 143
"/Users/munkh-erdeneotgonbayar/Projects/OT/ot-tas/src/modules/tas/Dashboard/Accommodation/views/index.js", "JavaScript", 0, 0, 8, 0, 0, 0, 0, 0, 0, 0, 0, 0, 8
"/Users/munkh-erdeneotgonbayar/Projects/OT/ot-tas/src/modules/tas/Dashboard/DataApproval/index.jsx", "JavaScript JSX", 30, 0, 0, 0, 0, 0, 0, 0, 0, 0, 0, 2, 32
"/Users/munkh-erdeneotgonbayar/Projects/OT/ot-tas/src/modules/tas/Dashboard/DataApproval/views/EmployeeStatus.jsx", "JavaScript JSX", 79, 0, 0, 0, 0, 0, 0, 0, 0, 0, 0, 6, 85
"/Users/munkh-erdeneotgonbayar/Projects/OT/ot-tas/src/modules/tas/Dashboard/DataApproval/views/Flight.jsx", "JavaScript JSX", 87, 0, 0, 0, 0, 0, 0, 0, 0, 0, 9, 8, 104
"/Users/munkh-erdeneotgonbayar/Projects/OT/ot-tas/src/modules/tas/Dashboard/DataApproval/views/OffSite.jsx", "JavaScript JSX", 88, 0, 0, 0, 0, 0, 0, 0, 0, 0, 0, 6, 94
"/Users/munkh-erdeneotgonbayar/Projects/OT/ot-tas/src/modules/tas/Dashboard/DataApproval/views/OnSite.jsx", "JavaScript JSX", 91, 0, 0, 0, 0, 0, 0, 0, 0, 0, 0, 6, 97
"/Users/munkh-erdeneotgonbayar/Projects/OT/ot-tas/src/modules/tas/Dashboard/DataApproval/views/OnSiteVisitor.jsx", "JavaScript JSX", 100, 0, 0, 0, 0, 0, 0, 0, 0, 0, 10, 6, 116
"/Users/munkh-erdeneotgonbayar/Projects/OT/ot-tas/src/modules/tas/Dashboard/DataApproval/views/PackMeal.jsx", "JavaScript JSX", 73, 0, 0, 0, 0, 0, 0, 0, 0, 0, 4, 7, 84
"/Users/munkh-erdeneotgonbayar/Projects/OT/ot-tas/src/modules/tas/Dashboard/DataApproval/views/ProfileChanges.jsx", "JavaScript JSX", 109, 0, 0, 0, 0, 0, 0, 0, 0, 0, 1, 5, 115
"/Users/munkh-erdeneotgonbayar/Projects/OT/ot-tas/src/modules/tas/Dashboard/DataApproval/views/index.js", "JavaScript", 0, 0, 7, 0, 0, 0, 0, 0, 0, 0, 0, 0, 7
"/Users/munkh-erdeneotgonbayar/Projects/OT/ot-tas/src/modules/tas/Dashboard/SystemAdmin/Dashboard/Camp.jsx", "JavaScript JSX", 83, 0, 0, 0, 0, 0, 0, 0, 0, 0, 4, 3, 90
"/Users/munkh-erdeneotgonbayar/Projects/OT/ot-tas/src/modules/tas/Dashboard/SystemAdmin/Dashboard/CampUsage.jsx", "JavaScript JSX", 217, 0, 0, 0, 0, 0, 0, 0, 0, 0, 0, 9, 226
"/Users/munkh-erdeneotgonbayar/Projects/OT/ot-tas/src/modules/tas/Dashboard/SystemAdmin/Dashboard/Division.jsx", "JavaScript JSX", 78, 0, 0, 0, 0, 0, 0, 0, 0, 0, 3, 3, 84
"/Users/munkh-erdeneotgonbayar/Projects/OT/ot-tas/src/modules/tas/Dashboard/SystemAdmin/Dashboard/Location.jsx", "JavaScript JSX", 113, 0, 0, 0, 0, 0, 0, 0, 0, 0, 4, 9, 126
"/Users/munkh-erdeneotgonbayar/Projects/OT/ot-tas/src/modules/tas/Dashboard/SystemAdmin/Dashboard/POB.jsx", "JavaScript JSX", 132, 0, 0, 0, 0, 0, 0, 0, 0, 0, 0, 14, 146
"/Users/munkh-erdeneotgonbayar/Projects/OT/ot-tas/src/modules/tas/Dashboard/SystemAdmin/Dashboard/PeopleType.jsx", "JavaScript JSX", 83, 0, 0, 0, 0, 0, 0, 0, 0, 0, 4, 3, 90
"/Users/munkh-erdeneotgonbayar/Projects/OT/ot-tas/src/modules/tas/Dashboard/SystemAdmin/Dashboard/Shift.jsx", "JavaScript JSX", 83, 0, 0, 0, 0, 0, 0, 0, 0, 0, 4, 3, 90
"/Users/munkh-erdeneotgonbayar/Projects/OT/ot-tas/src/modules/tas/Dashboard/SystemAdmin/Dashboard/Stat.jsx", "JavaScript JSX", 32, 0, 0, 0, 0, 0, 0, 0, 0, 0, 0, 3, 35
"/Users/munkh-erdeneotgonbayar/Projects/OT/ot-tas/src/modules/tas/Dashboard/SystemAdmin/Dashboard/TotalEmployee.jsx", "JavaScript JSX", 51, 0, 0, 0, 0, 0, 0, 0, 0, 0, 6, 3, 60
"/Users/munkh-erdeneotgonbayar/Projects/OT/ot-tas/src/modules/tas/Dashboard/SystemAdmin/Dashboard/index.jsx", "JavaScript JSX", 96, 0, 0, 0, 0, 0, 0, 0, 0, 0, 3, 7, 106
"/Users/munkh-erdeneotgonbayar/Projects/OT/ot-tas/src/modules/tas/Dashboard/SystemAdmin/index.jsx", "JavaScript JSX", 8, 0, 0, 0, 0, 0, 0, 0, 0, 0, 0, 2, 10
"/Users/munkh-erdeneotgonbayar/Projects/OT/ot-tas/src/modules/tas/Dashboard/TravelTeam/Domestic/AirCraft.jsx", "JavaScript JSX", 127, 0, 0, 0, 0, 0, 0, 0, 0, 0, 0, 9, 136
"/Users/munkh-erdeneotgonbayar/Projects/OT/ot-tas/src/modules/tas/Dashboard/TravelTeam/Domestic/NoShowGoShow.jsx", "JavaScript JSX", 63, 0, 0, 0, 0, 0, 0, 0, 0, 0, 0, 5, 68
"/Users/munkh-erdeneotgonbayar/Projects/OT/ot-tas/src/modules/tas/Dashboard/TravelTeam/Domestic/TransportInfo.jsx", "JavaScript JSX", 58, 0, 0, 0, 0, 0, 0, 0, 0, 0, 1, 5, 64
"/Users/munkh-erdeneotgonbayar/Projects/OT/ot-tas/src/modules/tas/Dashboard/TravelTeam/Domestic/UtilizationsByWeek.jsx", "JavaScript JSX", 77, 0, 0, 0, 0, 0, 0, 0, 0, 0, 8, 5, 90
"/Users/munkh-erdeneotgonbayar/Projects/OT/ot-tas/src/modules/tas/Dashboard/TravelTeam/Domestic/index.jsx", "JavaScript JSX", 69, 0, 0, 0, 0, 0, 0, 0, 0, 0, 0, 7, 76
"/Users/munkh-erdeneotgonbayar/Projects/OT/ot-tas/src/modules/tas/Dashboard/TravelTeam/International/Booking.jsx", "JavaScript JSX", 90, 0, 0, 0, 0, 0, 0, 0, 0, 0, 6, 5, 101
"/Users/munkh-erdeneotgonbayar/Projects/OT/ot-tas/src/modules/tas/Dashboard/TravelTeam/International/IssueTicket.jsx", "JavaScript JSX", 90, 0, 0, 0, 0, 0, 0, 0, 0, 0, 6, 4, 100
"/Users/munkh-erdeneotgonbayar/Projects/OT/ot-tas/src/modules/tas/Dashboard/TravelTeam/International/RequestByActionAndDoc.jsx", "JavaScript JSX", 60, 0, 0, 0, 0, 0, 0, 0, 0, 0, 0, 5, 65
"/Users/munkh-erdeneotgonbayar/Projects/OT/ot-tas/src/modules/tas/Dashboard/TravelTeam/International/RequestByTicketAgent.jsx", "JavaScript JSX", 60, 0, 0, 0, 0, 0, 0, 0, 0, 0, 0, 5, 65
"/Users/munkh-erdeneotgonbayar/Projects/OT/ot-tas/src/modules/tas/Dashboard/TravelTeam/International/index.jsx", "JavaScript JSX", 58, 0, 0, 0, 0, 0, 0, 0, 0, 0, 0, 4, 62
"/Users/munkh-erdeneotgonbayar/Projects/OT/ot-tas/src/modules/tas/Dashboard/TravelTeam/Roster/FlightGroup/GroupDetail.jsx", "JavaScript JSX", 113, 0, 0, 0, 0, 0, 0, 0, 0, 0, 0, 9, 122
"/Users/munkh-erdeneotgonbayar/Projects/OT/ot-tas/src/modules/tas/Dashboard/TravelTeam/Roster/FlightGroup/index.jsx", "JavaScript JSX", 218, 0, 0, 0, 0, 0, 0, 0, 0, 0, 0, 14, 232
"/Users/munkh-erdeneotgonbayar/Projects/OT/ot-tas/src/modules/tas/Dashboard/TravelTeam/Roster/PersonByWeek.jsx", "JavaScript JSX", 64, 0, 0, 0, 0, 0, 0, 0, 0, 0, 1, 5, 70
"/Users/munkh-erdeneotgonbayar/Projects/OT/ot-tas/src/modules/tas/Dashboard/TravelTeam/Roster/index.jsx", "JavaScript JSX", 88, 0, 0, 0, 0, 0, 0, 0, 0, 0, 0, 5, 93
"/Users/munkh-erdeneotgonbayar/Projects/OT/ot-tas/src/modules/tas/Dashboard/TravelTeam/bar-chart.jsx", "JavaScript JSX", 33, 0, 0, 0, 0, 0, 0, 0, 0, 0, 8, 3, 44
"/Users/munkh-erdeneotgonbayar/Projects/OT/ot-tas/src/modules/tas/Dashboard/TravelTeam/index.jsx", "JavaScript JSX", 33, 0, 0, 0, 0, 0, 0, 0, 0, 0, 0, 2, 35
"/Users/munkh-erdeneotgonbayar/Projects/OT/ot-tas/src/modules/tas/Dashboard/charts/index.js", "JavaScript", 0, 0, 2, 0, 0, 0, 0, 0, 0, 0, 0, 0, 2
"/Users/munkh-erdeneotgonbayar/Projects/OT/ot-tas/src/modules/tas/Dashboard/charts/minibarChart.jsx", "JavaScript JSX", 41, 0, 0, 0, 0, 0, 0, 0, 0, 0, 10, 5, 56
"/Users/munkh-erdeneotgonbayar/Projects/OT/ot-tas/src/modules/tas/Dashboard/charts/pieChart.jsx", "JavaScript JSX", 48, 0, 0, 0, 0, 0, 0, 0, 0, 0, 0, 5, 53
"/Users/munkh-erdeneotgonbayar/Projects/OT/ot-tas/src/modules/tas/Dashboard/employee/bar-chart.jsx", "JavaScript JSX", 92, 0, 0, 0, 0, 0, 0, 0, 0, 0, 1, 3, 96
"/Users/munkh-erdeneotgonbayar/Projects/OT/ot-tas/src/modules/tas/Dashboard/employee/index.jsx", "JavaScript JSX", 82, 0, 0, 0, 0, 0, 0, 0, 0, 0, 2, 4, 88
"/Users/munkh-erdeneotgonbayar/Projects/OT/ot-tas/src/modules/tas/Dashboard/employee/pie-chart.jsx", "JavaScript JSX", 42, 0, 0, 0, 0, 0, 0, 0, 0, 0, 31, 2, 75
"/Users/munkh-erdeneotgonbayar/Projects/OT/ot-tas/src/modules/tas/Dashboard/index.jsx", "JavaScript JSX", 53, 0, 0, 0, 0, 0, 0, 0, 0, 0, 0, 6, 59
"/Users/munkh-erdeneotgonbayar/Projects/OT/ot-tas/src/modules/tas/Dashboard/room/bar-chart.jsx", "JavaScript JSX", 37, 0, 0, 0, 0, 0, 0, 0, 0, 0, 8, 5, 50
"/Users/munkh-erdeneotgonbayar/Projects/OT/ot-tas/src/modules/tas/Dashboard/room/index.jsx", "JavaScript JSX", 61, 0, 0, 0, 0, 0, 0, 0, 0, 0, 0, 2, 63
"/Users/munkh-erdeneotgonbayar/Projects/OT/ot-tas/src/modules/tas/FlightSeatBlocking/index.jsx", "JavaScript JSX", 7, 0, 0, 0, 0, 0, 0, 0, 0, 0, 0, 2, 9
"/Users/munkh-erdeneotgonbayar/Projects/OT/ot-tas/src/modules/tas/Master/Aimag/index.jsx", "JavaScript JSX", 325, 0, 0, 0, 0, 0, 0, 0, 0, 0, 6, 28, 359
"/Users/munkh-erdeneotgonbayar/Projects/OT/ot-tas/src/modules/tas/Master/AirportCode/index.jsx", "JavaScript JSX", 258, 0, 0, 0, 0, 0, 0, 0, 0, 0, 0, 20, 278
"/Users/munkh-erdeneotgonbayar/Projects/OT/ot-tas/src/modules/tas/Master/CostCode/index.jsx", "JavaScript JSX", 365, 0, 0, 0, 0, 0, 0, 0, 0, 0, 0, 26, 391
"/Users/munkh-erdeneotgonbayar/Projects/OT/ot-tas/src/modules/tas/Master/DeMobilisationType/index.jsx", "JavaScript JSX", 299, 0, 0, 0, 0, 0, 0, 0, 0, 0, 0, 22, 321
"/Users/munkh-erdeneotgonbayar/Projects/OT/ot-tas/src/modules/tas/Master/Department/index.jsx", "JavaScript JSX", 379, 0, 0, 0, 0, 0, 0, 0, 0, 0, 0, 29, 408
"/Users/munkh-erdeneotgonbayar/Projects/OT/ot-tas/src/modules/tas/Master/DepartmentDetail/Admins.jsx", "JavaScript JSX", 191, 0, 0, 0, 0, 0, 0, 0, 0, 0, 0, 17, 208
"/Users/munkh-erdeneotgonbayar/Projects/OT/ot-tas/src/modules/tas/Master/DepartmentDetail/CostCodes.jsx", "JavaScript JSX", 136, 0, 0, 0, 0, 0, 0, 0, 0, 0, 1, 14, 151
"/Users/munkh-erdeneotgonbayar/Projects/OT/ot-tas/src/modules/tas/Master/DepartmentDetail/GroupConfig.jsx", "JavaScript JSX", 172, 0, 0, 0, 0, 0, 0, 0, 0, 0, 0, 12, 184
"/Users/munkh-erdeneotgonbayar/Projects/OT/ot-tas/src/modules/tas/Master/DepartmentDetail/Managers.jsx", "JavaScript JSX", 191, 0, 0, 0, 0, 0, 0, 0, 0, 0, 0, 17, 208
"/Users/munkh-erdeneotgonbayar/Projects/OT/ot-tas/src/modules/tas/Master/DepartmentDetail/Supervisors.jsx", "JavaScript JSX", 181, 0, 0, 0, 0, 0, 0, 0, 0, 0, 19, 16, 216
"/Users/munkh-erdeneotgonbayar/Projects/OT/ot-tas/src/modules/tas/Master/DepartmentDetail/index.jsx", "JavaScript JSX", 73, 0, 0, 0, 0, 0, 0, 0, 0, 0, 0, 9, 82
"/Users/munkh-erdeneotgonbayar/Projects/OT/ot-tas/src/modules/tas/Master/Employer/index.jsx", "JavaScript JSX", 345, 0, 0, 0, 0, 0, 0, 0, 0, 0, 0, 27, 372
"/Users/munkh-erdeneotgonbayar/Projects/OT/ot-tas/src/modules/tas/Master/GroupDetail/index.jsx", "JavaScript JSX", 270, 0, 0, 0, 0, 0, 0, 0, 0, 0, 7, 21, 298
"/Users/munkh-erdeneotgonbayar/Projects/OT/ot-tas/src/modules/tas/Master/GroupMaster/index.jsx", "JavaScript JSX", 387, 0, 0, 0, 0, 0, 0, 0, 0, 0, 0, 22, 409
"/Users/munkh-erdeneotgonbayar/Projects/OT/ot-tas/src/modules/tas/Master/Location/index.jsx", "JavaScript JSX", 347, 0, 0, 0, 0, 0, 0, 0, 0, 0, 5, 26, 378
"/Users/munkh-erdeneotgonbayar/Projects/OT/ot-tas/src/modules/tas/Master/Nationality/index.jsx", "JavaScript JSX", 324, 0, 0, 0, 0, 0, 0, 0, 0, 0, 5, 26, 355
"/Users/munkh-erdeneotgonbayar/Projects/OT/ot-tas/src/modules/tas/Master/PeopleType/index.jsx", "JavaScript JSX", 329, 0, 0, 0, 0, 0, 0, 0, 0, 0, 2, 26, 357
"/Users/munkh-erdeneotgonbayar/Projects/OT/ot-tas/src/modules/tas/Master/Position/index.jsx", "JavaScript JSX", 339, 0, 0, 0, 0, 0, 0, 0, 0, 0, 5, 24, 368
"/Users/munkh-erdeneotgonbayar/Projects/OT/ot-tas/src/modules/tas/Master/ProfileField/index.jsx", "JavaScript JSX", 155, 0, 0, 0, 0, 0, 0, 0, 0, 0, 64, 14, 233
"/Users/munkh-erdeneotgonbayar/Projects/OT/ot-tas/src/modules/tas/Master/RequestHotel/index.jsx", "JavaScript JSX", 321, 0, 0, 0, 0, 0, 0, 0, 0, 0, 0, 22, 343
"/Users/munkh-erdeneotgonbayar/Projects/OT/ot-tas/src/modules/tas/Master/Roster/index.jsx", "JavaScript JSX", 365, 0, 0, 0, 0, 0, 0, 0, 0, 0, 0, 25, 390
"/Users/munkh-erdeneotgonbayar/Projects/OT/ot-tas/src/modules/tas/Master/RosterGroup/index.jsx", "JavaScript JSX", 287, 0, 0, 0, 0, 0, 0, 0, 0, 0, 2, 24, 313
"/Users/munkh-erdeneotgonbayar/Projects/OT/ot-tas/src/modules/tas/Master/RosterMaster/index.jsx", "JavaScript JSX", 402, 0, 0, 0, 0, 0, 0, 0, 0, 0, 6, 37, 445
"/Users/munkh-erdeneotgonbayar/Projects/OT/ot-tas/src/modules/tas/Master/ShiftStatus/index.jsx", "JavaScript JSX", 441, 0, 0, 0, 0, 0, 0, 0, 0, 0, 0, 28, 469
"/Users/munkh-erdeneotgonbayar/Projects/OT/ot-tas/src/modules/tas/Master/ShiftStatusColor/index.jsx", "JavaScript JSX", 281, 0, 0, 0, 0, 0, 0, 0, 0, 0, 5, 22, 308
"/Users/munkh-erdeneotgonbayar/Projects/OT/ot-tas/src/modules/tas/Master/TerminationType/index.jsx", "JavaScript JSX", 305, 0, 0, 0, 0, 0, 0, 0, 0, 0, 5, 21, 331
"/Users/munkh-erdeneotgonbayar/Projects/OT/ot-tas/src/modules/tas/Master/TravelAgent/index.jsx", "JavaScript JSX", 248, 0, 0, 0, 0, 0, 0, 0, 0, 0, 0, 22, 270
"/Users/munkh-erdeneotgonbayar/Projects/OT/ot-tas/src/modules/tas/Master/TravelPurpose/index.jsx", "JavaScript JSX", 273, 0, 0, 0, 0, 0, 0, 0, 0, 0, 0, 22, 295
"/Users/munkh-erdeneotgonbayar/Projects/OT/ot-tas/src/modules/tas/Master/index.js", "JavaScript", 0, 0, 23, 0, 0, 0, 0, 0, 0, 0, 0, 0, 23
"/Users/munkh-erdeneotgonbayar/Projects/OT/ot-tas/src/modules/tas/Notifications/index.jsx", "JavaScript JSX", 97, 0, 0, 0, 0, 0, 0, 0, 0, 0, 1, 7, 105
"/Users/munkh-erdeneotgonbayar/Projects/OT/ot-tas/src/modules/tas/People/BookingInfo/BookingInfoTable.jsx", "JavaScript JSX", 90, 0, 0, 0, 0, 0, 0, 0, 0, 0, 0, 8, 98
"/Users/munkh-erdeneotgonbayar/Projects/OT/ot-tas/src/modules/tas/People/BookingInfo/index.jsx", "JavaScript JSX", 126, 0, 0, 0, 0, 0, 0, 0, 0, 0, 0, 9, 135
"/Users/munkh-erdeneotgonbayar/Projects/OT/ot-tas/src/modules/tas/People/Changes/CostCode/columns.js", "JavaScript", 0, 0, 110, 0, 0, 0, 0, 0, 0, 0, 13, 1, 124
"/Users/munkh-erdeneotgonbayar/Projects/OT/ot-tas/src/modules/tas/People/Changes/CostCode/index.jsx", "JavaScript JSX", 271, 0, 0, 0, 0, 0, 0, 0, 0, 0, 0, 14, 285
"/Users/munkh-erdeneotgonbayar/Projects/OT/ot-tas/src/modules/tas/People/Changes/Department/columns.js", "JavaScript", 0, 0, 105, 0, 0, 0, 0, 0, 0, 0, 13, 1, 119
"/Users/munkh-erdeneotgonbayar/Projects/OT/ot-tas/src/modules/tas/People/Changes/Department/index.jsx", "JavaScript JSX", 272, 0, 0, 0, 0, 0, 0, 0, 0, 0, 0, 15, 287
"/Users/munkh-erdeneotgonbayar/Projects/OT/ot-tas/src/modules/tas/People/Changes/Employer/columns.js", "JavaScript", 0, 0, 105, 0, 0, 0, 0, 0, 0, 0, 13, 1, 119
"/Users/munkh-erdeneotgonbayar/Projects/OT/ot-tas/src/modules/tas/People/Changes/Employer/index.jsx", "JavaScript JSX", 269, 0, 0, 0, 0, 0, 0, 0, 0, 0, 0, 14, 283
"/Users/munkh-erdeneotgonbayar/Projects/OT/ot-tas/src/modules/tas/People/Changes/Group/BulkingView.jsx", "JavaScript JSX", 159, 0, 0, 0, 0, 0, 0, 0, 0, 0, 0, 12, 171
"/Users/munkh-erdeneotgonbayar/Projects/OT/ot-tas/src/modules/tas/People/Changes/Group/columns.js", "JavaScript", 0, 0, 100, 0, 0, 0, 0, 0, 0, 0, 13, 1, 114
"/Users/munkh-erdeneotgonbayar/Projects/OT/ot-tas/src/modules/tas/People/Changes/Group/index.jsx", "JavaScript JSX", 49, 0, 0, 0, 0, 0, 0, 0, 0, 0, 0, 8, 57
"/Users/munkh-erdeneotgonbayar/Projects/OT/ot-tas/src/modules/tas/People/Changes/Location/columns.js", "JavaScript", 0, 0, 109, 0, 0, 0, 0, 0, 0, 0, 13, 1, 123
"/Users/munkh-erdeneotgonbayar/Projects/OT/ot-tas/src/modules/tas/People/Changes/Location/index.jsx", "JavaScript JSX", 236, 0, 0, 0, 0, 0, 0, 0, 0, 0, 0, 15, 251
"/Users/munkh-erdeneotgonbayar/Projects/OT/ot-tas/src/modules/tas/People/Changes/Position/columns.js", "JavaScript", 0, 0, 109, 0, 0, 0, 0, 0, 0, 0, 13, 1, 123
"/Users/munkh-erdeneotgonbayar/Projects/OT/ot-tas/src/modules/tas/People/Changes/Position/index.jsx", "JavaScript JSX", 267, 0, 0, 0, 0, 0, 0, 0, 0, 0, 0, 14, 281
"/Users/munkh-erdeneotgonbayar/Projects/OT/ot-tas/src/modules/tas/People/Changes/index.jsx", "JavaScript JSX", 6, 0, 0, 0, 0, 0, 0, 0, 0, 0, 0, 0, 6
"/Users/munkh-erdeneotgonbayar/Projects/OT/ot-tas/src/modules/tas/People/PendingDeactivate/index.jsx", "JavaScript JSX", 141, 0, 0, 0, 0, 0, 0, 0, 0, 0, 0, 9, 150
"/Users/munkh-erdeneotgonbayar/Projects/OT/ot-tas/src/modules/tas/People/PendingReactivate/index.jsx", "JavaScript JSX", 114, 0, 0, 0, 0, 0, 0, 0, 0, 0, 0, 9, 123
"/Users/munkh-erdeneotgonbayar/Projects/OT/ot-tas/src/modules/tas/People/Profile/ProfileHeader.jsx", "JavaScript JSX", 362, 0, 0, 0, 0, 0, 0, 0, 0, 0, 0, 14, 376
"/Users/munkh-erdeneotgonbayar/Projects/OT/ot-tas/src/modules/tas/People/Profile/index.jsx", "JavaScript JSX", 147, 0, 0, 0, 0, 0, 0, 0, 0, 0, 28, 24, 199
"/Users/munkh-erdeneotgonbayar/Projects/OT/ot-tas/src/modules/tas/People/Profile/pages/AccountHistory.jsx", "JavaScript JSX", 60, 0, 0, 0, 0, 0, 0, 0, 0, 0, 0, 7, 67
"/Users/munkh-erdeneotgonbayar/Projects/OT/ot-tas/src/modules/tas/People/Profile/pages/Audit.jsx", "JavaScript JSX", 136, 0, 0, 0, 0, 0, 0, 0, 0, 0, 0, 10, 146
"/Users/munkh-erdeneotgonbayar/Projects/OT/ot-tas/src/modules/tas/People/Profile/pages/Flight/AddTransport.jsx", "JavaScript JSX", 469, 0, 0, 0, 0, 0, 0, 0, 0, 0, 0, 14, 483
"/Users/munkh-erdeneotgonbayar/Projects/OT/ot-tas/src/modules/tas/People/Profile/pages/Flight/FlightRemove.jsx", "JavaScript JSX", 205, 0, 0, 0, 0, 0, 0, 0, 0, 0, 0, 17, 222
"/Users/munkh-erdeneotgonbayar/Projects/OT/ot-tas/src/modules/tas/People/Profile/pages/Flight/ProfileChangeRoom.jsx", "JavaScript JSX", 273, 0, 0, 0, 0, 0, 0, 0, 0, 0, 10, 12, 295
"/Users/munkh-erdeneotgonbayar/Projects/OT/ot-tas/src/modules/tas/People/Profile/pages/Flight/ProfileRoomField.jsx", "JavaScript JSX", 116, 0, 0, 0, 0, 0, 0, 0, 0, 0, 0, 10, 126
"/Users/munkh-erdeneotgonbayar/Projects/OT/ot-tas/src/modules/tas/People/Profile/pages/Flight/RescheduleForm.jsx", "JavaScript JSX", 374, 0, 0, 0, 0, 0, 0, 0, 0, 0, 2, 23, 399
"/Users/munkh-erdeneotgonbayar/Projects/OT/ot-tas/src/modules/tas/People/Profile/pages/Flight/index.jsx", "JavaScript JSX", 284, 0, 0, 0, 0, 0, 0, 0, 0, 0, 2, 20, 306
"/Users/munkh-erdeneotgonbayar/Projects/OT/ot-tas/src/modules/tas/People/Profile/pages/NoShow_GoShow/GoShow.jsx", "JavaScript JSX", 137, 0, 0, 0, 0, 0, 0, 0, 0, 0, 0, 14, 151
"/Users/munkh-erdeneotgonbayar/Projects/OT/ot-tas/src/modules/tas/People/Profile/pages/NoShow_GoShow/NoShow.jsx", "JavaScript JSX", 137, 0, 0, 0, 0, 0, 0, 0, 0, 0, 0, 14, 151
"/Users/munkh-erdeneotgonbayar/Projects/OT/ot-tas/src/modules/tas/People/Profile/pages/NoShow_GoShow/index.jsx", "JavaScript JSX", 62, 0, 0, 0, 0, 0, 0, 0, 0, 0, 0, 8, 70
"/Users/munkh-erdeneotgonbayar/Projects/OT/ot-tas/src/modules/tas/People/Profile/pages/ProfileByDate.jsx", "JavaScript JSX", 91, 0, 0, 0, 0, 0, 0, 0, 0, 0, 4, 7, 102
"/Users/munkh-erdeneotgonbayar/Projects/OT/ot-tas/src/modules/tas/People/Profile/pages/RoleCenter.jsx", "JavaScript JSX", 282, 0, 0, 0, 0, 0, 0, 0, 0, 0, 0, 18, 300
"/Users/munkh-erdeneotgonbayar/Projects/OT/ot-tas/src/modules/tas/People/Profile/pages/RoomBooking.jsx", "JavaScript JSX", 146, 0, 0, 0, 0, 0, 0, 0, 0, 0, 0, 13, 159
"/Users/munkh-erdeneotgonbayar/Projects/OT/ot-tas/src/modules/tas/People/Profile/pages/RosterDetail.jsx", "JavaScript JSX", 509, 0, 0, 0, 0, 0, 0, 0, 0, 0, 19, 27, 555
"/Users/munkh-erdeneotgonbayar/Projects/OT/ot-tas/src/modules/tas/People/Profile/pages/ShiftVisual.jsx", "JavaScript JSX", 322, 0, 0, 0, 0, 0, 0, 0, 0, 0, 6, 19, 347
"/Users/munkh-erdeneotgonbayar/Projects/OT/ot-tas/src/modules/tas/People/Profile/pages/index.js", "JavaScript", 0, 0, 10, 0, 0, 0, 0, 0, 0, 0, 0, 0, 10
"/Users/munkh-erdeneotgonbayar/Projects/OT/ot-tas/src/modules/tas/People/Profile/pages/moreData.jsx", "JavaScript JSX", 985, 0, 0, 0, 0, 0, 0, 0, 0, 0, 71, 37, 1093
"/Users/munkh-erdeneotgonbayar/Projects/OT/ot-tas/src/modules/tas/People/ProfileDeactivate/CellRenderDatePicker.jsx", "JavaScript JSX", 110, 0, 0, 0, 0, 0, 0, 0, 0, 0, 1, 6, 117
"/Users/munkh-erdeneotgonbayar/Projects/OT/ot-tas/src/modules/tas/People/ProfileDeactivate/SkippedEmployees.jsx", "JavaScript JSX", 30, 0, 0, 0, 0, 0, 0, 0, 0, 0, 0, 2, 32
"/Users/munkh-erdeneotgonbayar/Projects/OT/ot-tas/src/modules/tas/People/ProfileDeactivate/columns.js", "JavaScript", 0, 0, 112, 0, 0, 0, 0, 0, 0, 0, 0, 1, 113
"/Users/munkh-erdeneotgonbayar/Projects/OT/ot-tas/src/modules/tas/People/ProfileDeactivate/index.jsx", "JavaScript JSX", 308, 0, 0, 0, 0, 0, 0, 0, 0, 0, 1, 18, 327
"/Users/munkh-erdeneotgonbayar/Projects/OT/ot-tas/src/modules/tas/People/ProfileReactivate/CellRenderDatePicker.jsx", "JavaScript JSX", 71, 0, 0, 0, 0, 0, 0, 0, 0, 0, 1, 5, 77
"/Users/munkh-erdeneotgonbayar/Projects/OT/ot-tas/src/modules/tas/People/ProfileReactivate/columns.js", "JavaScript", 0, 0, 112, 0, 0, 0, 0, 0, 0, 0, 0, 1, 113
"/Users/munkh-erdeneotgonbayar/Projects/OT/ot-tas/src/modules/tas/People/ProfileReactivate/index.jsx", "JavaScript JSX", 312, 0, 0, 0, 0, 0, 0, 0, 0, 0, 0, 13, 325
"/Users/munkh-erdeneotgonbayar/Projects/OT/ot-tas/src/modules/tas/People/Search/add.jsx", "JavaScript JSX", 793, 0, 0, 0, 0, 0, 0, 0, 0, 0, 6, 26, 825
"/Users/munkh-erdeneotgonbayar/Projects/OT/ot-tas/src/modules/tas/People/Search/columns.js", "JavaScript", 0, 0, 121, 0, 0, 0, 0, 0, 0, 0, 2, 1, 124
"/Users/munkh-erdeneotgonbayar/Projects/OT/ot-tas/src/modules/tas/People/Search/index.jsx", "JavaScript JSX", 512, 0, 0, 0, 0, 0, 0, 0, 0, 0, 3, 12, 527
"/Users/munkh-erdeneotgonbayar/Projects/OT/ot-tas/src/modules/tas/People/index.js", "JavaScript", 0, 0, 8, 0, 0, 0, 0, 0, 0, 0, 0, 1, 9
"/Users/munkh-erdeneotgonbayar/Projects/OT/ot-tas/src/modules/tas/SafeMode/ProfileHeader.jsx", "JavaScript JSX", 215, 0, 0, 0, 0, 0, 0, 0, 0, 0, 1, 4, 220
"/Users/munkh-erdeneotgonbayar/Projects/OT/ot-tas/src/modules/tas/SafeMode/index.jsx", "JavaScript JSX", 146, 0, 0, 0, 0, 0, 0, 0, 0, 0, 9, 25, 180
"/Users/munkh-erdeneotgonbayar/Projects/OT/ot-tas/src/modules/tas/SafeMode/pages/Flight/AddTransport.jsx", "JavaScript JSX", 255, 0, 0, 0, 0, 0, 0, 0, 0, 0, 0, 12, 267
"/Users/munkh-erdeneotgonbayar/Projects/OT/ot-tas/src/modules/tas/SafeMode/pages/Flight/RescheduleForm.jsx", "JavaScript JSX", 195, 0, 0, 0, 0, 0, 0, 0, 0, 0, 0, 13, 208
"/Users/munkh-erdeneotgonbayar/Projects/OT/ot-tas/src/modules/tas/SafeMode/pages/Flight/index.jsx", "JavaScript JSX", 231, 0, 0, 0, 0, 0, 0, 0, 0, 0, 2, 19, 252
"/Users/munkh-erdeneotgonbayar/Projects/OT/ot-tas/src/modules/tas/SafeMode/pages/RoomBooking.jsx", "JavaScript JSX", 148, 0, 0, 0, 0, 0, 0, 0, 0, 0, 0, 13, 161
"/Users/munkh-erdeneotgonbayar/Projects/OT/ot-tas/src/modules/tas/SafeMode/pages/RosterDetail.jsx", "JavaScript JSX", 531, 0, 0, 0, 0, 0, 0, 0, 0, 0, 3, 27, 561
"/Users/munkh-erdeneotgonbayar/Projects/OT/ot-tas/src/modules/tas/SafeMode/pages/ShiftCalendar.jsx", "JavaScript JSX", 105, 0, 0, 0, 0, 0, 0, 0, 0, 0, 1, 12, 118
"/Users/munkh-erdeneotgonbayar/Projects/OT/ot-tas/src/modules/tas/SafeMode/pages/ShiftVisual.jsx", "JavaScript JSX", 381, 0, 0, 0, 0, 0, 0, 0, 0, 0, 5, 25, 411
"/Users/munkh-erdeneotgonbayar/Projects/OT/ot-tas/src/modules/tas/SafeMode/pages/index.js", "JavaScript", 0, 0, 5, 0, 0, 0, 0, 0, 0, 0, 0, 0, 5
"/Users/munkh-erdeneotgonbayar/Projects/OT/ot-tas/src/modules/tas/SafeMode/pages/moreData.jsx", "JavaScript JSX", 932, 0, 0, 0, 0, 0, 0, 0, 0, 0, 71, 37, 1040
"/Users/munkh-erdeneotgonbayar/Projects/OT/ot-tas/src/modules/tas/SafeMode/style.module.css", "PostCSS", 0, 0, 0, 37, 0, 0, 0, 0, 0, 0, 1, 3, 41
"/Users/munkh-erdeneotgonbayar/Projects/OT/ot-tas/src/modules/tas/Transport/BulkRosterExecute/BulkingView.jsx", "JavaScript JSX", 532, 0, 0, 0, 0, 0, 0, 0, 0, 0, 12, 24, 568
"/Users/munkh-erdeneotgonbayar/Projects/OT/ot-tas/src/modules/tas/Transport/BulkRosterExecute/Changing/index.jsx", "JavaScript JSX", 124, 0, 0, 0, 0, 0, 0, 0, 0, 0, 3, 10, 137
"/Users/munkh-erdeneotgonbayar/Projects/OT/ot-tas/src/modules/tas/Transport/BulkRosterExecute/Result/ConfirmedRosters.jsx", "JavaScript JSX", 113, 0, 0, 0, 0, 0, 0, 0, 0, 0, 8, 7, 128
"/Users/munkh-erdeneotgonbayar/Projects/OT/ot-tas/src/modules/tas/Transport/BulkRosterExecute/Result/SkippedRosters.jsx", "JavaScript JSX", 68, 0, 0, 0, 0, 0, 0, 0, 0, 0, 0, 7, 75
"/Users/munkh-erdeneotgonbayar/Projects/OT/ot-tas/src/modules/tas/Transport/BulkRosterExecute/Result/index.jsx", "JavaScript JSX", 25, 0, 0, 0, 0, 0, 0, 0, 0, 0, 0, 3, 28
"/Users/munkh-erdeneotgonbayar/Projects/OT/ot-tas/src/modules/tas/Transport/BulkRosterExecute/WarningDetail.jsx", "JavaScript JSX", 133, 0, 0, 0, 0, 0, 0, 0, 0, 0, 0, 6, 139
"/Users/munkh-erdeneotgonbayar/Projects/OT/ot-tas/src/modules/tas/Transport/BulkRosterExecute/columns.js", "JavaScript", 0, 0, 96, 0, 0, 0, 0, 0, 0, 0, 9, 2, 107
"/Users/munkh-erdeneotgonbayar/Projects/OT/ot-tas/src/modules/tas/Transport/BulkRosterExecute/index.jsx", "JavaScript JSX", 57, 0, 0, 0, 0, 0, 0, 0, 0, 0, 0, 9, 66
"/Users/munkh-erdeneotgonbayar/Projects/OT/ot-tas/src/modules/tas/Transport/BusTimetable/index.jsx", "JavaScript JSX", 267, 0, 0, 0, 0, 0, 0, 0, 0, 0, 1, 15, 283
"/Users/munkh-erdeneotgonbayar/Projects/OT/ot-tas/src/modules/tas/Transport/Carrier/index.jsx", "JavaScript JSX", 295, 0, 0, 0, 0, 0, 0, 0, 0, 0, 1, 24, 320
"/Users/munkh-erdeneotgonbayar/Projects/OT/ot-tas/src/modules/tas/Transport/Cluster/index.jsx", "JavaScript JSX", 372, 0, 0, 0, 0, 0, 0, 0, 0, 0, 2, 23, 397
"/Users/munkh-erdeneotgonbayar/Projects/OT/ot-tas/src/modules/tas/Transport/ClusterDetail/index.jsx", "JavaScript JSX", 295, 0, 0, 0, 0, 0, 0, 0, 0, 0, 3, 27, 325
"/Users/munkh-erdeneotgonbayar/Projects/OT/ot-tas/src/modules/tas/Transport/ManageSchedule/ManageSchedule.jsx", "JavaScript JSX", 342, 0, 0, 0, 0, 0, 0, 0, 0, 0, 10, 22, 374
"/Users/munkh-erdeneotgonbayar/Projects/OT/ot-tas/src/modules/tas/Transport/ManageSchedule/ScheduleCalendar/BookingDetail/index.jsx", "JavaScript JSX", 60, 0, 0, 0, 0, 0, 0, 0, 0, 0, 0, 4, 64
"/Users/munkh-erdeneotgonbayar/Projects/OT/ot-tas/src/modules/tas/Transport/ManageSchedule/ScheduleCalendar/Schedule/Card.jsx", "JavaScript JSX", 88, 0, 0, 0, 0, 0, 0, 0, 0, 0, 0, 5, 93
"/Users/munkh-erdeneotgonbayar/Projects/OT/ot-tas/src/modules/tas/Transport/ManageSchedule/ScheduleCalendar/Schedule/Header.jsx", "JavaScript JSX", 11, 0, 0, 0, 0, 0, 0, 0, 0, 0, 0, 2, 13
"/Users/munkh-erdeneotgonbayar/Projects/OT/ot-tas/src/modules/tas/Transport/ManageSchedule/ScheduleCalendar/Schedule/Progress.jsx", "JavaScript JSX", 19, 0, 0, 0, 0, 0, 0, 0, 0, 0, 0, 2, 21
"/Users/munkh-erdeneotgonbayar/Projects/OT/ot-tas/src/modules/tas/Transport/ManageSchedule/ScheduleCalendar/Schedule/index.jsx", "JavaScript JSX", 118, 0, 0, 0, 0, 0, 0, 0, 0, 0, 0, 8, 126
"/Users/munkh-erdeneotgonbayar/Projects/OT/ot-tas/src/modules/tas/Transport/ManageSchedule/ScheduleCalendar/index.jsx", "JavaScript JSX", 234, 0, 0, 0, 0, 0, 0, 0, 0, 0, 8, 25, 267
"/Users/munkh-erdeneotgonbayar/Projects/OT/ot-tas/src/modules/tas/Transport/ManageSchedule/index.jsx", "JavaScript JSX", 51, 0, 0, 0, 0, 0, 0, 0, 0, 0, 0, 5, 56
"/Users/munkh-erdeneotgonbayar/Projects/OT/ot-tas/src/modules/tas/Transport/MultipleBooking/BulkingView.jsx", "JavaScript JSX", 657, 0, 0, 0, 0, 0, 0, 0, 0, 0, 3, 25, 685
"/Users/munkh-erdeneotgonbayar/Projects/OT/ot-tas/src/modules/tas/Transport/MultipleBooking/Changing/index.jsx", "JavaScript JSX", 37, 0, 0, 0, 0, 0, 0, 0, 0, 0, 0, 2, 39
"/Users/munkh-erdeneotgonbayar/Projects/OT/ot-tas/src/modules/tas/Transport/MultipleBooking/Result/ConfirmedRosters.jsx", "JavaScript JSX", 113, 0, 0, 0, 0, 0, 0, 0, 0, 0, 8, 7, 128
"/Users/munkh-erdeneotgonbayar/Projects/OT/ot-tas/src/modules/tas/Transport/MultipleBooking/Result/SkippedRosters.jsx", "JavaScript JSX", 68, 0, 0, 0, 0, 0, 0, 0, 0, 0, 0, 7, 75
"/Users/munkh-erdeneotgonbayar/Projects/OT/ot-tas/src/modules/tas/Transport/MultipleBooking/Result/index.jsx", "JavaScript JSX", 25, 0, 0, 0, 0, 0, 0, 0, 0, 0, 0, 3, 28
"/Users/munkh-erdeneotgonbayar/Projects/OT/ot-tas/src/modules/tas/Transport/MultipleBooking/WarningDetail.jsx", "JavaScript JSX", 133, 0, 0, 0, 0, 0, 0, 0, 0, 0, 0, 6, 139
"/Users/munkh-erdeneotgonbayar/Projects/OT/ot-tas/src/modules/tas/Transport/MultipleBooking/columns.js", "JavaScript", 0, 0, 96, 0, 0, 0, 0, 0, 0, 0, 9, 2, 107
"/Users/munkh-erdeneotgonbayar/Projects/OT/ot-tas/src/modules/tas/Transport/MultipleBooking/index.jsx", "JavaScript JSX", 57, 0, 0, 0, 0, 0, 0, 0, 0, 0, 0, 9, 66
"/Users/munkh-erdeneotgonbayar/Projects/OT/ot-tas/src/modules/tas/Transport/RescheduleMultiple/index.jsx", "JavaScript JSX", 485, 0, 0, 0, 0, 0, 0, 0, 0, 0, 1, 22, 508
"/Users/munkh-erdeneotgonbayar/Projects/OT/ot-tas/src/modules/tas/Transport/RosterBooking/index.jsx", "JavaScript JSX", 18, 0, 0, 0, 0, 0, 0, 0, 0, 0, 0, 2, 20
"/Users/munkh-erdeneotgonbayar/Projects/OT/ot-tas/src/modules/tas/Transport/SeatBlock Detail/BulkReplace.jsx", "JavaScript JSX", 192, 0, 0, 0, 0, 0, 0, 0, 0, 0, 14, 10, 216
"/Users/munkh-erdeneotgonbayar/Projects/OT/ot-tas/src/modules/tas/Transport/SeatBlock Detail/index.jsx", "JavaScript JSX", 340, 0, 0, 0, 0, 0, 0, 0, 0, 0, 31, 33, 404
"/Users/munkh-erdeneotgonbayar/Projects/OT/ot-tas/src/modules/tas/Transport/SeatBlock/index.jsx", "JavaScript JSX", 533, 0, 0, 0, 0, 0, 0, 0, 0, 0, 29, 29, 591
"/Users/munkh-erdeneotgonbayar/Projects/OT/ot-tas/src/modules/tas/Transport/TransportActive/AirCraftModal.jsx", "JavaScript JSX", 49, 0, 0, 0, 0, 0, 0, 0, 0, 0, 0, 8, 57
"/Users/munkh-erdeneotgonbayar/Projects/OT/ot-tas/src/modules/tas/Transport/TransportActive/BusStation.jsx", "JavaScript JSX", 113, 0, 0, 0, 0, 0, 0, 0, 0, 0, 7, 13, 133
"/Users/munkh-erdeneotgonbayar/Projects/OT/ot-tas/src/modules/tas/Transport/TransportActive/ExtendModal.jsx", "JavaScript JSX", 201, 0, 0, 0, 0, 0, 0, 0, 0, 0, 0, 11, 212
"/Users/munkh-erdeneotgonbayar/Projects/OT/ot-tas/src/modules/tas/Transport/TransportActive/StationModal.jsx", "JavaScript JSX", 123, 0, 0, 0, 0, 0, 0, 0, 0, 0, 1, 9, 133
"/Users/munkh-erdeneotgonbayar/Projects/OT/ot-tas/src/modules/tas/Transport/TransportActive/index.jsx", "JavaScript JSX", 731, 0, 0, 0, 0, 0, 0, 0, 0, 0, 1, 45, 777
"/Users/munkh-erdeneotgonbayar/Projects/OT/ot-tas/src/modules/tas/Transport/TransportActive/scheduleFields.jsx", "JavaScript JSX", 404, 0, 0, 0, 0, 0, 0, 0, 0, 0, 2, 3, 409
"/Users/munkh-erdeneotgonbayar/Projects/OT/ot-tas/src/modules/tas/Transport/TransportActive/specialFields.jsx", "JavaScript JSX", 263, 0, 0, 0, 0, 0, 0, 0, 0, 0, 18, 2, 283
"/Users/munkh-erdeneotgonbayar/Projects/OT/ot-tas/src/modules/tas/Transport/TransportActive/transportFields.jsx", "JavaScript JSX", 71, 0, 0, 0, 0, 0, 0, 0, 0, 0, 0, 5, 76
"/Users/munkh-erdeneotgonbayar/Projects/OT/ot-tas/src/modules/tas/Transport/TransportAudit/columns.js", "JavaScript", 0, 0, 98, 0, 0, 0, 0, 0, 0, 0, 13, 2, 113
"/Users/munkh-erdeneotgonbayar/Projects/OT/ot-tas/src/modules/tas/Transport/TransportAudit/index.jsx", "JavaScript JSX", 186, 0, 0, 0, 0, 0, 0, 0, 0, 0, 1, 12, 199
"/Users/munkh-erdeneotgonbayar/Projects/OT/ot-tas/src/modules/tas/Transport/TransportAuditDetail/index.jsx", "JavaScript JSX", 149, 0, 0, 0, 0, 0, 0, 0, 0, 0, 11, 9, 169
"/Users/munkh-erdeneotgonbayar/Projects/OT/ot-tas/src/modules/tas/Transport/TransportGroup/index.jsx", "JavaScript JSX", 340, 0, 0, 0, 0, 0, 0, 0, 0, 0, 0, 26, 366
"/Users/munkh-erdeneotgonbayar/Projects/OT/ot-tas/src/modules/tas/Transport/TransportGroupDetail/index.jsx", "JavaScript JSX", 225, 0, 0, 0, 0, 0, 0, 0, 0, 0, 0, 24, 249
"/Users/munkh-erdeneotgonbayar/Projects/OT/ot-tas/src/modules/tas/Transport/TransportGroupDetail/roomStatuses.jsx", "JavaScript JSX", 84, 0, 0, 0, 0, 0, 0, 0, 0, 0, 0, 8, 92
"/Users/munkh-erdeneotgonbayar/Projects/OT/ot-tas/src/modules/tas/Transport/TransportMode/index.jsx", "JavaScript JSX", 275, 0, 0, 0, 0, 0, 0, 0, 0, 0, 0, 24, 299
"/Users/munkh-erdeneotgonbayar/Projects/OT/ot-tas/src/modules/tas/Transport/TransportSchedule/BusStopModal.jsx", "JavaScript JSX", 183, 0, 0, 0, 0, 0, 0, 0, 0, 0, 4, 13, 200
"/Users/munkh-erdeneotgonbayar/Projects/OT/ot-tas/src/modules/tas/Transport/TransportSchedule/RealETDModal.jsx", "JavaScript JSX", 95, 0, 0, 0, 0, 0, 0, 0, 0, 0, 0, 8, 103
"/Users/munkh-erdeneotgonbayar/Projects/OT/ot-tas/src/modules/tas/Transport/TransportSchedule/index.jsx", "JavaScript JSX", 701, 0, 0, 0, 0, 0, 0, 0, 0, 0, 4, 39, 744
"/Users/munkh-erdeneotgonbayar/Projects/OT/ot-tas/src/modules/tas/Transport/TransportScheduleDetail/index.jsx", "JavaScript JSX", 95, 0, 0, 0, 0, 0, 0, 0, 0, 0, 0, 9, 104
"/Users/munkh-erdeneotgonbayar/Projects/OT/ot-tas/src/modules/tas/Transport/index.js", "JavaScript", 0, 0, 19, 0, 0, 0, 0, 0, 0, 0, 0, 0, 19
"/Users/munkh-erdeneotgonbayar/Projects/OT/ot-tas/src/modules/tas/Users/PrivacyPolicy/index.jsx", "JavaScript JSX", 80, 0, 0, 0, 0, 0, 0, 0, 0, 0, 0, 9, 89
"/Users/munkh-erdeneotgonbayar/Projects/OT/ot-tas/src/modules/tas/Users/RoleDetail/EmployeeDetail/DashboardPermission.jsx", "JavaScript JSX", 99, 0, 0, 0, 0, 0, 0, 0, 0, 0, 2, 11, 112
"/Users/munkh-erdeneotgonbayar/Projects/OT/ot-tas/src/modules/tas/Users/RoleDetail/EmployeeDetail/EmployeeMenu.jsx", "JavaScript JSX", 105, 0, 0, 0, 0, 0, 0, 0, 0, 0, 0, 12, 117
"/Users/munkh-erdeneotgonbayar/Projects/OT/ot-tas/src/modules/tas/Users/RoleDetail/EmployeeDetail/Manager.jsx", "JavaScript JSX", 135, 0, 0, 0, 0, 0, 0, 0, 0, 0, 0, 13, 148
"/Users/munkh-erdeneotgonbayar/Projects/OT/ot-tas/src/modules/tas/Users/RoleDetail/EmployeeDetail/ReportData/Department.jsx", "JavaScript JSX", 135, 0, 0, 0, 0, 0, 0, 0, 0, 0, 0, 13, 148
"/Users/munkh-erdeneotgonbayar/Projects/OT/ot-tas/src/modules/tas/Users/RoleDetail/EmployeeDetail/ReportData/Employer.jsx", "JavaScript JSX", 132, 0, 0, 0, 0, 0, 0, 0, 0, 0, 0, 13, 145
"/Users/munkh-erdeneotgonbayar/Projects/OT/ot-tas/src/modules/tas/Users/RoleDetail/EmployeeDetail/ReportData/index.jsx", "JavaScript JSX", 12, 0, 0, 0, 0, 0, 0, 0, 0, 0, 0, 3, 15
"/Users/munkh-erdeneotgonbayar/Projects/OT/ot-tas/src/modules/tas/Users/RoleDetail/EmployeeDetail/SystemData/Admin.jsx", "JavaScript JSX", 135, 0, 0, 0, 0, 0, 0, 0, 0, 0, 0, 13, 148
"/Users/munkh-erdeneotgonbayar/Projects/OT/ot-tas/src/modules/tas/Users/RoleDetail/EmployeeDetail/SystemData/Employer.jsx", "JavaScript JSX", 133, 0, 0, 0, 0, 0, 0, 0, 0, 0, 0, 13, 146
"/Users/munkh-erdeneotgonbayar/Projects/OT/ot-tas/src/modules/tas/Users/RoleDetail/EmployeeDetail/SystemData/index.jsx", "JavaScript JSX", 12, 0, 0, 0, 0, 0, 0, 0, 0, 0, 0, 2, 14
"/Users/munkh-erdeneotgonbayar/Projects/OT/ot-tas/src/modules/tas/Users/RoleDetail/EmployeeDetail/Template.jsx", "JavaScript JSX", 99, 0, 0, 0, 0, 0, 0, 0, 0, 0, 2, 11, 112
"/Users/munkh-erdeneotgonbayar/Projects/OT/ot-tas/src/modules/tas/Users/RoleDetail/EmployeeDetail/index.jsx", "JavaScript JSX", 70, 0, 0, 0, 0, 0, 0, 0, 0, 0, 0, 6, 76
"/Users/munkh-erdeneotgonbayar/Projects/OT/ot-tas/src/modules/tas/Users/RoleDetail/Menu/index.jsx", "JavaScript JSX", 107, 0, 0, 0, 0, 0, 0, 0, 0, 0, 2, 12, 121
"/Users/munkh-erdeneotgonbayar/Projects/OT/ot-tas/src/modules/tas/Users/RoleDetail/index.jsx", "JavaScript JSX", 361, 0, 0, 0, 0, 0, 0, 0, 0, 0, 12, 24, 397
"/Users/munkh-erdeneotgonbayar/Projects/OT/ot-tas/src/modules/tas/Users/RoleDetail/report/index.jsx", "JavaScript JSX", 99, 0, 0, 0, 0, 0, 0, 0, 0, 0, 0, 12, 111
"/Users/munkh-erdeneotgonbayar/Projects/OT/ot-tas/src/modules/tas/Users/Roles/index.jsx", "JavaScript JSX", 65, 0, 0, 0, 0, 0, 0, 0, 0, 0, 0, 8, 73
"/Users/munkh-erdeneotgonbayar/Projects/OT/ot-tas/src/modules/tas/Users/SMTP_Config/index.jsx", "JavaScript JSX", 176, 0, 0, 0, 0, 0, 0, 0, 0, 0, 0, 10, 186
"/Users/munkh-erdeneotgonbayar/Projects/OT/ot-tas/src/modules/tas/Users/index.jsx", "JavaScript JSX", 4, 0, 0, 0, 0, 0, 0, 0, 0, 0, 0, 0, 4
"/Users/munkh-erdeneotgonbayar/Projects/OT/ot-tas/src/modules/tas/WorkflowConfig/ApprovalConfig/index.jsx", "JavaScript JSX", 234, 0, 0, 0, 0, 0, 0, 0, 0, 0, 0, 25, 259
"/Users/munkh-erdeneotgonbayar/Projects/OT/ot-tas/src/modules/tas/WorkflowConfig/ApprovalGroupDetail/index.jsx", "JavaScript JSX", 283, 0, 0, 0, 0, 0, 0, 0, 0, 0, 3, 27, 313
"/Users/munkh-erdeneotgonbayar/Projects/OT/ot-tas/src/modules/tas/WorkflowConfig/ApprovalGroups/index.jsx", "JavaScript JSX", 256, 0, 0, 0, 0, 0, 0, 0, 0, 0, 12, 21, 289
"/Users/munkh-erdeneotgonbayar/Projects/OT/ot-tas/src/modules/tas/WorkflowConfig/NonSiteTravelConfig/AccommodationConfig.jsx", "JavaScript JSX", 301, 0, 0, 0, 0, 0, 0, 0, 0, 0, 0, 30, 331
"/Users/munkh-erdeneotgonbayar/Projects/OT/ot-tas/src/modules/tas/WorkflowConfig/NonSiteTravelConfig/FlightConfig.jsx", "JavaScript JSX", 299, 0, 0, 0, 0, 0, 0, 0, 0, 0, 0, 31, 330
"/Users/munkh-erdeneotgonbayar/Projects/OT/ot-tas/src/modules/tas/WorkflowConfig/NonSiteTravelConfig/index.jsx", "JavaScript JSX", 18, 0, 0, 0, 0, 0, 0, 0, 0, 0, 0, 4, 22
"/Users/munkh-erdeneotgonbayar/Projects/OT/ot-tas/src/modules/tas/WorkflowConfig/index.jsx", "JavaScript JSX", 4, 0, 0, 0, 0, 0, 0, 0, 0, 0, 0, 0, 4
"/Users/munkh-erdeneotgonbayar/Projects/OT/ot-tas/src/modules/tas/index.js", "JavaScript", 0, 0, 3, 0, 0, 0, 0, 0, 0, 0, 0, 0, 3
"/Users/munkh-erdeneotgonbayar/Projects/OT/ot-tas/src/reportWebVitals.js", "JavaScript", 0, 0, 12, 0, 0, 0, 0, 0, 0, 0, 0, 2, 14
"/Users/munkh-erdeneotgonbayar/Projects/OT/ot-tas/src/routes/GuestProtectedRoute.jsx", "JavaScript JSX", 29, 0, 0, 0, 0, 0, 0, 0, 0, 0, 0, 2, 31
"/Users/munkh-erdeneotgonbayar/Projects/OT/ot-tas/src/routes/ProtectedRoute.jsx", "JavaScript JSX", 21, 0, 0, 0, 0, 0, 0, 0, 0, 0, 1, 3, 25
"/Users/munkh-erdeneotgonbayar/Projects/OT/ot-tas/src/routes/SafeModeProtect.jsx", "JavaScript JSX", 26, 0, 0, 0, 0, 0, 0, 0, 0, 0, 1, 2, 29
"/Users/munkh-erdeneotgonbayar/Projects/OT/ot-tas/src/routes/index.jsx", "JavaScript JSX", 36, 0, 0, 0, 0, 0, 0, 0, 0, 0, 12, 3, 51
"/Users/munkh-erdeneotgonbayar/Projects/OT/ot-tas/src/routes/routes.jsx", "JavaScript JSX", 1718, 0, 0, 0, 0, 0, 0, 0, 0, 0, 58, 19, 1795
"/Users/munkh-erdeneotgonbayar/Projects/OT/ot-tas/src/service-worker.js", "JavaScript", 0, 0, 20, 0, 0, 0, 0, 0, 0, 0, 4, 4, 28
"/Users/munkh-erdeneotgonbayar/Projects/OT/ot-tas/src/serviceWorkerRegistration.js", "JavaScript", 0, 0, 74, 0, 0, 0, 0, 0, 0, 0, 16, 7, 97
"/Users/munkh-erdeneotgonbayar/Projects/OT/ot-tas/src/setupTests.js", "JavaScript", 0, 0, 1, 0, 0, 0, 0, 0, 0, 0, 4, 1, 6
"/Users/munkh-erdeneotgonbayar/Projects/OT/ot-tas/src/styles/css/custom.css", "PostCSS", 0, 0, 0, 206, 0, 0, 0, 0, 0, 0, 29, 44, 279
"/Users/munkh-erdeneotgonbayar/Projects/OT/ot-tas/src/styles/css/dx.custom.css", "PostCSS", 0, 0, 0, 208, 0, 0, 0, 0, 0, 0, 22, 47, 277
"/Users/munkh-erdeneotgonbayar/Projects/OT/ot-tas/src/styles/css/font.css", "PostCSS", 0, 0, 0, 72, 0, 0, 0, 0, 0, 0, 0, 12, 84
"/Users/munkh-erdeneotgonbayar/Projects/OT/ot-tas/src/styles/css/index.css", "PostCSS", 0, 0, 0, 55, 0, 0, 0, 0, 0, 0, 10, 13, 78
"/Users/munkh-erdeneotgonbayar/Projects/OT/ot-tas/src/styles/css/layout.css", "PostCSS", 0, 0, 0, 103, 0, 0, 0, 0, 0, 0, 18, 17, 138
"/Users/munkh-erdeneotgonbayar/Projects/OT/ot-tas/src/styles/css/power-styles.css", "PostCSS", 0, 0, 0, 24835, 0, 0, 0, 0, 0, 0, 1339, 5, 26179
"/Users/munkh-erdeneotgonbayar/Projects/OT/ot-tas/src/styles/less/bezierEasing.less", "Less", 0, 0, 0, 0, 0, 85, 0, 0, 0, 0, 10, 16, 111
"/Users/munkh-erdeneotgonbayar/Projects/OT/ot-tas/src/styles/less/colorPalette.less", "Less", 0, 0, 0, 0, 0, 73, 0, 0, 0, 0, 9, 4, 86
"/Users/munkh-erdeneotgonbayar/Projects/OT/ot-tas/src/styles/less/colors.less", "Less", 0, 0, 0, 0, 0, 146, 0, 0, 0, 0, 2, 15, 163
"/Users/munkh-erdeneotgonbayar/Projects/OT/ot-tas/src/styles/less/power-styles.less", "Less", 0, 0, 0, 0, 0, 2, 0, 0, 0, 0, 1, 1, 4
"/Users/munkh-erdeneotgonbayar/Projects/OT/ot-tas/src/styles/less/power-variable.less", "Less", 0, 0, 0, 0, 0, 797, 0, 0, 0, 0, 178, 110, 1085
"/Users/munkh-erdeneotgonbayar/Projects/OT/ot-tas/src/styles/less/tinyColor.less", "Less", 0, 0, 0, 0, 0, 85, 0, 0, 0, 0, 10, 16, 111
"/Users/munkh-erdeneotgonbayar/Projects/OT/ot-tas/src/utils/TableSearch.jsx", "JavaScript JSX", 68, 0, 0, 0, 0, 0, 0, 0, 0, 0, 45, 15, 128
"/Users/munkh-erdeneotgonbayar/Projects/OT/ot-tas/src/utils/axios.jsx", "JavaScript JSX", 373, 0, 0, 0, 0, 0, 0, 0, 0, 0, 7, 19, 399
"/Users/munkh-erdeneotgonbayar/Projects/OT/ot-tas/src/utils/checkPermission.jsx", "JavaScript JSX", 69, 0, 0, 0, 0, 0, 0, 0, 0, 0, 0, 4, 73
"/Users/munkh-erdeneotgonbayar/Projects/OT/ot-tas/src/utils/formDefaultLayouts.js", "JavaScript", 0, 0, 19, 0, 0, 0, 0, 0, 0, 0, 0, 1, 20
"/Users/munkh-erdeneotgonbayar/Projects/OT/ot-tas/src/utils/generateColor.js", "JavaScript", 0, 0, 4, 0, 0, 0, 0, 0, 0, 0, 0, 1, 5
"/Users/munkh-erdeneotgonbayar/Projects/OT/ot-tas/src/utils/getDaysArray.js", "JavaScript", 0, 0, 11, 0, 0, 0, 0, 0, 0, 0, 0, 4, 15
"/Users/munkh-erdeneotgonbayar/Projects/OT/ot-tas/src/utils/hexToHSL.jsx", "JavaScript JSX", 29, 0, 0, 0, 0, 0, 0, 0, 0, 0, 0, 7, 36
"/Users/munkh-erdeneotgonbayar/Projects/OT/ot-tas/src/utils/ls.js", "JavaScript", 0, 0, 19, 0, 0, 0, 0, 0, 0, 0, 0, 6, 25
"/Users/munkh-erdeneotgonbayar/Projects/OT/ot-tas/src/utils/mnRegister.js", "JavaScript", 0, 0, 19, 0, 0, 0, 0, 0, 0, 0, 0, 3, 22
"/Users/munkh-erdeneotgonbayar/Projects/OT/ot-tas/src/utils/numberformat.js", "JavaScript", 0, 0, 4, 0, 0, 0, 0, 0, 0, 0, 0, 2, 6
"/Users/munkh-erdeneotgonbayar/Projects/OT/ot-tas/src/utils/range.js", "JavaScript", 0, 0, 8, 0, 0, 0, 0, 0, 0, 0, 0, 1, 9
"/Users/munkh-erdeneotgonbayar/Projects/OT/ot-tas/src/utils/scrollTop.js", "JavaScript", 0, 0, 13, 0, 0, 0, 0, 0, 0, 0, 0, 4, 17
"/Users/munkh-erdeneotgonbayar/Projects/OT/ot-tas/src/utils/signalrService.js", "JavaScript", 0, 0, 162, 0, 0, 0, 0, 0, 0, 0, 188, 62, 412
"/Users/munkh-erdeneotgonbayar/Projects/OT/ot-tas/src/utils/useQuery.jsx", "JavaScript JSX", 6, 0, 0, 0, 0, 0, 0, 0, 0, 0, 0, 1, 7
"/Users/munkh-erdeneotgonbayar/Projects/OT/ot-tas/src/utils/validateUpload.js", "JavaScript", 0, 0, 10, 0, 0, 0, 0, 0, 0, 0, 0, 2, 12
"/Users/munkh-erdeneotgonbayar/Projects/OT/ot-tas/tailwind.config.js", "JavaScript", 0, 0, 62, 0, 0, 0, 0, 0, 0, 0, 1, 2, 65
"Total", "-", 101820, 74, 2715, 25601, 23387, 1188, 34, 38, 15, 6, 4596, 6609, 166083